fsm,wis,ois,wisp,oisp,7676,134524,226452,334353,449872,543342,636439,74765,93925383,103539682,median
--nstates 4 --s0 3 --n0 1 --n0x0 0 --c0x0 4 --p0x0 8 --w0x0 3.5 --s1 0 --rwm1 1 --n1 2 --n1x0 1 --c1x0 0 --p1x0 0.559 --n1x1 0 --c1x1 2 --p1x1 0.018 --s2 2 --n2 2 --n2x0 0 --c2x0 2 --p2x0 0.396 --n2x1 2 --c2x1 2 --p2x1 0.782 --s3 3 --n3 4 --n3x0 0 --c3x0 2 --p3x0 0.177 --n3x1 0 --c3x1 4 --p3x1 5 --w3x1 11.23 --n3x2 1 --c3x2 5 --p3x2 0.704 --n3x3 0 --c3x3 4 --p3x3 7 --w3x3 1.02 ,47.55,0.009,46.171,0.009,39.0,39.0,43.0,44.0,46.0,30.0,43.0,37.0,42.0,45.0,42.5
--nstates 4 --s0 3 --n0 1 --n0x0 0 --c0x0 4 --p0x0 7 --w0x0 3.5 --s1 0 --rwm1 1 --n1 2 --n1x0 1 --c1x0 0 --p1x0 0.16 --n1x1 0 --c1x1 2 --p1x1 0.513 --s2 2 --n2 2 --n2x0 0 --c2x0 2 --p2x0 0.318 --n2x1 2 --c2x1 2 --p2x1 0.829 --s3 3 --n3 4 --n3x0 0 --c3x0 2 --p3x0 0.126 --n3x1 0 --c3x1 4 --p3x1 4 --w3x1 11.23 --n3x2 1 --c3x2 5 --p3x2 0.964 --n3x3 0 --c3x3 4 --p3x3 6 --w3x3 1.02 ,46.733,1151470.0,45.96,1132430.0,47.0,47.0,41.0,49.0,42.0,47.0,44.0,46.0,48.0,43.0,46.5
--nstates 4 --s0 3 --n0 1 --n0x0 0 --c0x0 4 --p0x0 9 --w0x0 3.5 --s1 0 --rwm1 1 --n1 2 --n1x0 1 --c1x0 0 --p1x0 0.883 --n1x1 0 --c1x1 2 --p1x1 0.644 --s2 2 --n2 2 --n2x0 0 --c2x0 2 --p2x0 0.103 --n2x1 2 --c2x1 2 --p2x1 0.422 --s3 3 --n3 4 --n3x0 0 --c3x0 2 --p3x0 0.511 --n3x1 0 --c3x1 4 --p3x1 10 --w3x1 11.23 --n3x2 1 --c3x2 5 --p3x2 0.989 --n3x3 0 --c3x3 4 --p3x3 5 --w3x3 1.02 ,48.75,3.46893e+18,47.351,3.36934e+18,41.0,48.0,41.0,42.0,43.0,55.0,41.0,59.0,58.0,45.0,44.0
--nstates 4 --s0 3 --n0 1 --n0x0 0 --c0x0 4 --p0x0 2 --w0x0 3.5 --s1 0 --rwm1 1 --n1 2 --n1x0 1 --c1x0 0 --p1x0 0.156 --n1x1 0 --c1x1 2 --p1x1 0.77 --s2 2 --n2 2 --n2x0 0 --c2x0 2 --p2x0 0.509 --n2x1 2 --c2x1 2 --p2x1 0.448 --s3 3 --n3 4 --n3x0 0 --c3x0 2 --p3x0 0.94 --n3x1 0 --c3x1 4 --p3x1 3 --w3x1 11.23 --n3x2 1 --c3x2 5 --p3x2 0.089 --n3x3 0 --c3x3 4 --p3x3 3 --w3x3 1.02 ,51.051,2.00212e+23,49.577,1.94434e+23,45.0,44.0,44.0,39.0,47.0,44.0,51.0,43.0,45.0,36.0,44.0
--nstates 4 --s0 3 --n0 1 --n0x0 0 --c0x0 4 --p0x0 2 --w0x0 3.5 --s1 0 --rwm1 1 --n1 2 --n1x0 1 --c1x0 0 --p1x0 0.651 --n1x1 0 --c1x1 2 --p1x1 0.581 --s2 2 --n2 2 --n2x0 0 --c2x0 2 --p2x0 0.784 --n2x1 2 --c2x1 2 --p2x1 0.287 --s3 3 --n3 4 --n3x0 0 --c3x0 2 --p3x0 0.92 --n3x1 0 --c3x1 4 --p3x1 10 --w3x1 11.23 --n3x2 1 --c3x2 5 --p3x2 0.36 --n3x3 0 --c3x3 4 --p3x3 6 --w3x3 1.02 ,51.596,478135000000.0,50.107,464334000000.0,45.0,48.0,46.0,42.0,48.0,51.0,58.0,47.0,52.0,45.0,47.5
--nstates 4 --s0 3 --n0 1 --n0x0 0 --c0x0 4 --p0x0 4 --w0x0 3.5 --s1 0 --rwm1 1 --n1 2 --n1x0 1 --c1x0 0 --p1x0 0.784 --n1x1 0 --c1x1 2 --p1x1 0.384 --s2 2 --n2 2 --n2x0 0 --c2x0 2 --p2x0 0.148 --n2x1 2 --c2x1 2 --p2x1 0.013 --s3 3 --n3 4 --n3x0 0 --c3x0 2 --p3x0 0.58 --n3x1 0 --c3x1 4 --p3x1 7 --w3x1 11.23 --n3x2 1 --c3x2 5 --p3x2 0.195 --n3x3 0 --c3x3 4 --p3x3 2 --w3x3 1.02 ,30.683,0.218,46.63,0.331,47.0,42.0,48.0,50.0,50.0,55.0,46.0,54.0,43.0,47.0,47.5
--nstates 4 --s0 3 --n0 1 --n0x0 0 --c0x0 4 --p0x0 10 --w0x0 3.5 --s1 0 --rwm1 1 --n1 2 --n1x0 1 --c1x0 0 --p1x0 0.849 --n1x1 0 --c1x1 2 --p1x1 0.63 --s2 2 --n2 2 --n2x0 0 --c2x0 2 --p2x0 0.051 --n2x1 2 --c2x1 2 --p2x1 0.142 --s3 3 --n3 4 --n3x0 0 --c3x0 2 --p3x0 0.84 --n3x1 0 --c3x1 4 --p3x1 6 --w3x1 11.23 --n3x2 1 --c3x2 5 --p3x2 0.835 --n3x3 0 --c3x3 4 --p3x3 4 --w3x3 1.02 ,46.04,2.53401e+16,44.727,2.46174e+16,53.0,53.0,51.0,52.0,49.0,52.0,45.0,54.0,53.0,50.0,52.0
--nstates 4 --s0 3 --n0 1 --n0x0 0 --c0x0 4 --p0x0 8 --w0x0 3.5 --s1 0 --rwm1 1 --n1 2 --n1x0 1 --c1x0 0 --p1x0 0.035 --n1x1 0 --c1x1 2 --p1x1 0.006 --s2 2 --n2 2 --n2x0 0 --c2x0 2 --p2x0 0.418 --n2x1 2 --c2x1 2 --p2x1 0.422 --s3 3 --n3 4 --n3x0 0 --c3x0 2 --p3x0 0.332 --n3x1 0 --c3x1 4 --p3x1 9 --w3x1 11.23 --n3x2 1 --c3x2 5 --p3x2 0.35 --n3x3 0 --c3x3 4 --p3x3 5 --w3x3 1.02 ,47.376,0.0,46.002,0.0,44.0,37.0,30.0,31.0,33.0,37.0,28.0,38.0,39.0,41.0,37.0
--nstates 4 --s0 3 --n0 1 --n0x0 0 --c0x0 4 --p0x0 3 --w0x0 3.5 --s1 0 --rwm1 1 --n1 2 --n1x0 1 --c1x0 0 --p1x0 0.576 --n1x1 0 --c1x1 2 --p1x1 0.683 --s2 2 --n2 2 --n2x0 0 --c2x0 2 --p2x0 0.764 --n2x1 2 --c2x1 2 --p2x1 0.446 --s3 3 --n3 4 --n3x0 0 --c3x0 2 --p3x0 0.645 --n3x1 0 --c3x1 4 --p3x1 9 --w3x1 11.23 --n3x2 1 --c3x2 5 --p3x2 0.422 --n3x3 0 --c3x3 4 --p3x3 7 --w3x3 1.02 ,48.561,5.55606e+20,47.167,5.39662e+20,44.0,44.0,51.0,54.0,52.0,45.0,48.0,51.0,50.0,48.0,49.0
--nstates 4 --s0 3 --n0 1 --n0x0 0 --c0x0 4 --p0x0 9 --w0x0 3.5 --s1 0 --rwm1 1 --n1 2 --n1x0 1 --c1x0 0 --p1x0 0.258 --n1x1 0 --c1x1 2 --p1x1 0.094 --s2 2 --n2 2 --n2x0 0 --c2x0 2 --p2x0 0.536 --n2x1 2 --c2x1 2 --p2x1 0.857 --s3 3 --n3 4 --n3x0 0 --c3x0 2 --p3x0 0.978 --n3x1 0 --c3x1 4 --p3x1 3 --w3x1 11.23 --n3x2 1 --c3x2 5 --p3x2 0.904 --n3x3 0 --c3x3 4 --p3x3 3 --w3x3 1.02 ,47.969,0.034,46.577,0.033,47.0,43.0,47.0,43.0,41.0,37.0,47.0,48.0,47.0,40.0,45.0
--nstates 4 --s0 3 --n0 1 --n0x0 0 --c0x0 4 --p0x0 4 --w0x0 3.5 --s1 0 --rwm1 1 --n1 2 --n1x0 1 --c1x0 0 --p1x0 0.828 --n1x1 0 --c1x1 2 --p1x1 0.759 --s2 2 --n2 2 --n2x0 0 --c2x0 2 --p2x0 0.206 --n2x1 2 --c2x1 2 --p2x1 0.323 --s3 3 --n3 4 --n3x0 0 --c3x0 2 --p3x0 0.577 --n3x1 0 --c3x1 4 --p3x1 9 --w3x1 11.23 --n3x2 1 --c3x2 5 --p3x2 0.331 --n3x3 0 --c3x3 4 --p3x3 2 --w3x3 1.02 ,47.596,6.5185e+25,46.233,6.33187e+25,40.0,50.0,51.0,46.0,59.0,54.0,44.0,53.0,55.0,50.0,50.5
--nstates 4 --s0 3 --n0 1 --n0x0 0 --c0x0 4 --p0x0 9 --w0x0 3.5 --s1 0 --rwm1 1 --n1 2 --n1x0 1 --c1x0 0 --p1x0 0.86 --n1x1 0 --c1x1 2 --p1x1 0.112 --s2 2 --n2 2 --n2x0 0 --c2x0 2 --p2x0 0.762 --n2x1 2 --c2x1 2 --p2x1 0.095 --s3 3 --n3 4 --n3x0 0 --c3x0 2 --p3x0 0.031 --n3x1 0 --c3x1 4 --p3x1 7 --w3x1 11.23 --n3x2 1 --c3x2 5 --p3x2 0.391 --n3x3 0 --c3x3 4 --p3x3 9 --w3x3 1.02 ,47.558,0.01,46.184,0.01,43.0,48.0,45.0,51.0,53.0,46.0,37.0,41.0,43.0,52.0,45.5
--nstates 4 --s0 3 --n0 1 --n0x0 0 --c0x0 4 --p0x0 8 --w0x0 3.5 --s1 0 --rwm1 1 --n1 2 --n1x0 1 --c1x0 0 --p1x0 0.281 --n1x1 0 --c1x1 2 --p1x1 0.861 --s2 2 --n2 2 --n2x0 0 --c2x0 2 --p2x0 0.469 --n2x1 2 --c2x1 2 --p2x1 0.349 --s3 3 --n3 4 --n3x0 0 --c3x0 2 --p3x0 0.014 --n3x1 0 --c3x1 4 --p3x1 8 --w3x1 11.23 --n3x2 1 --c3x2 5 --p3x2 0.23 --n3x3 0 --c3x3 4 --p3x3 7 --w3x3 1.02 ,46.158,1.28957e+30,44.841,1.2527800000000001e+30,47.0,53.0,50.0,48.0,56.0,50.0,49.0,46.0,46.0,43.0,48.5
--nstates 4 --s0 3 --n0 1 --n0x0 0 --c0x0 4 --p0x0 8 --w0x0 3.5 --s1 0 --rwm1 1 --n1 2 --n1x0 1 --c1x0 0 --p1x0 0.175 --n1x1 0 --c1x1 2 --p1x1 0.183 --s2 2 --n2 2 --n2x0 0 --c2x0 2 --p2x0 0.869 --n2x1 2 --c2x1 2 --p2x1 0.976 --s3 3 --n3 4 --n3x0 0 --c3x0 2 --p3x0 0.555 --n3x1 0 --c3x1 4 --p3x1 5 --w3x1 11.23 --n3x2 1 --c3x2 5 --p3x2 0.203 --n3x3 0 --c3x3 4 --p3x3 5 --w3x3 1.02 ,48.03,0.048,46.71,0.046,39.0,49.0,42.0,45.0,41.0,42.0,44.0,45.0,46.0,39.0,43.0
--nstates 4 --s0 3 --n0 1 --n0x0 0 --c0x0 4 --p0x0 1 --w0x0 3.5 --s1 0 --rwm1 1 --n1 2 --n1x0 1 --c1x0 0 --p1x0 0.613 --n1x1 0 --c1x1 2 --p1x1 0.463 --s2 2 --n2 2 --n2x0 0 --c2x0 2 --p2x0 0.671 --n2x1 2 --c2x1 2 --p2x1 0.988 --s3 3 --n3 4 --n3x0 0 --c3x0 2 --p3x0 0.676 --n3x1 0 --c3x1 4 --p3x1 10 --w3x1 11.23 --n3x2 1 --c3x2 5 --p3x2 0.539 --n3x3 0 --c3x3 4 --p3x3 4 --w3x3 1.02 ,47.637,3.688,47.951,3.712,49.0,49.0,44.0,54.0,48.0,49.0,45.0,47.0,42.0,51.0,48.5
--nstates 4 --s0 3 --n0 1 --n0x0 0 --c0x0 4 --p0x0 9 --w0x0 3.5 --s1 0 --rwm1 1 --n1 2 --n1x0 1 --c1x0 0 --p1x0 0.894 --n1x1 0 --c1x1 2 --p1x1 0.108 --s2 2 --n2 2 --n2x0 0 --c2x0 2 --p2x0 0.298 --n2x1 2 --c2x1 2 --p2x1 0.8 --s3 3 --n3 4 --n3x0 0 --c3x0 2 --p3x0 0.836 --n3x1 0 --c3x1 4 --p3x1 1 --w3x1 11.23 --n3x2 1 --c3x2 5 --p3x2 0.857 --n3x3 0 --c3x3 4 --p3x3 7 --w3x3 1.02 ,49.296,0.14,47.867,0.136,42.0,51.0,44.0,54.0,52.0,48.0,42.0,43.0,49.0,37.0,46.0
--nstates 4 --s0 3 --n0 1 --n0x0 0 --c0x0 4 --p0x0 5 --w0x0 3.5 --s1 0 --rwm1 1 --n1 2 --n1x0 1 --c1x0 0 --p1x0 0.31 --n1x1 0 --c1x1 2 --p1x1 0.934 --s2 2 --n2 2 --n2x0 0 --c2x0 2 --p2x0 0.414 --n2x1 2 --c2x1 2 --p2x1 0.861 --s3 3 --n3 4 --n3x0 0 --c3x0 2 --p3x0 0.193 --n3x1 0 --c3x1 4 --p3x1 7 --w3x1 11.23 --n3x2 1 --c3x2 5 --p3x2 0.152 --n3x3 0 --c3x3 4 --p3x3 8 --w3x3 1.02 ,49.37,1.53806e+35,47.951,1.49384e+35,46.0,43.0,50.0,44.0,46.0,47.0,49.0,43.0,47.0,57.0,46.5
--nstates 4 --s0 3 --n0 1 --n0x0 0 --c0x0 4 --p0x0 8 --w0x0 3.5 --s1 0 --rwm1 1 --n1 2 --n1x0 1 --c1x0 0 --p1x0 0.667 --n1x1 0 --c1x1 2 --p1x1 0.341 --s2 2 --n2 2 --n2x0 0 --c2x0 2 --p2x0 0.339 --n2x1 2 --c2x1 2 --p2x1 0.64 --s3 3 --n3 4 --n3x0 0 --c3x0 2 --p3x0 0.932 --n3x1 0 --c3x1 4 --p3x1 3 --w3x1 11.23 --n3x2 1 --c3x2 5 --p3x2 0.017 --n3x3 0 --c3x3 4 --p3x3 2 --w3x3 1.02 ,47.94,0.839,48.18,0.843,44.0,45.0,50.0,53.0,46.0,41.0,49.0,45.0,57.0,49.0,47.5
--nstates 4 --s0 3 --n0 1 --n0x0 0 --c0x0 4 --p0x0 9 --w0x0 3.5 --s1 0 --rwm1 1 --n1 2 --n1x0 1 --c1x0 0 --p1x0 0.182 --n1x1 0 --c1x1 2 --p1x1 0.201 --s2 2 --n2 2 --n2x0 0 --c2x0 2 --p2x0 0.241 --n2x1 2 --c2x1 2 --p2x1 0.448 --s3 3 --n3 4 --n3x0 0 --c3x0 2 --p3x0 0.064 --n3x1 0 --c3x1 4 --p3x1 8 --w3x1 11.23 --n3x2 1 --c3x2 5 --p3x2 0.907 --n3x3 0 --c3x3 4 --p3x3 10 --w3x3 1.02 ,47.301,0.019,46.349,0.019,43.0,49.0,49.0,49.0,41.0,41.0,34.0,55.0,46.0,49.0,47.5
--nstates 4 --s0 3 --n0 1 --n0x0 0 --c0x0 4 --p0x0 5 --w0x0 3.5 --s1 0 --rwm1 1 --n1 2 --n1x0 1 --c1x0 0 --p1x0 0.511 --n1x1 0 --c1x1 2 --p1x1 0.85 --s2 2 --n2 2 --n2x0 0 --c2x0 2 --p2x0 0.846 --n2x1 2 --c2x1 2 --p2x1 0.196 --s3 3 --n3 4 --n3x0 0 --c3x0 2 --p3x0 0.726 --n3x1 0 --c3x1 4 --p3x1 2 --w3x1 11.23 --n3x2 1 --c3x2 5 --p3x2 0.08 --n3x3 0 --c3x3 4 --p3x3 5 --w3x3 1.02 ,46.185,1.1179200000000001e+30,44.867,1.0860200000000001e+30,49.0,53.0,46.0,48.0,48.0,52.0,56.0,60.0,53.0,39.0,50.5
--nstates 4 --s0 3 --n0 1 --n0x0 0 --c0x0 4 --p0x0 5 --w0x0 3.5 --s1 0 --rwm1 1 --n1 2 --n1x0 1 --c1x0 0 --p1x0 0.655 --n1x1 0 --c1x1 2 --p1x1 0.332 --s2 2 --n2 2 --n2x0 0 --c2x0 2 --p2x0 0.11 --n2x1 2 --c2x1 2 --p2x1 0.855 --s3 3 --n3 4 --n3x0 0 --c3x0 2 --p3x0 0.475 --n3x1 0 --c3x1 4 --p3x1 4 --w3x1 11.23 --n3x2 1 --c3x2 5 --p3x2 0.475 --n3x3 0 --c3x3 4 --p3x3 5 --w3x3 1.02 ,48.569,0.971,48.243,0.964,40.0,44.0,45.0,53.0,48.0,45.0,50.0,55.0,57.0,52.0,49.0
--nstates 4 --s0 3 --n0 1 --n0x0 0 --c0x0 4 --p0x0 7 --w0x0 3.5 --s1 0 --rwm1 1 --n1 2 --n1x0 1 --c1x0 0 --p1x0 0.14 --n1x1 0 --c1x1 2 --p1x1 0.735 --s2 2 --n2 2 --n2x0 0 --c2x0 2 --p2x0 0.612 --n2x1 2 --c2x1 2 --p2x1 0.954 --s3 3 --n3 4 --n3x0 0 --c3x0 2 --p3x0 0.502 --n3x1 0 --c3x1 4 --p3x1 3 --w3x1 11.23 --n3x2 1 --c3x2 5 --p3x2 0.086 --n3x3 0 --c3x3 4 --p3x3 5 --w3x3 1.02 ,48.407,1.03578e+23,47.018,1.00607e+23,40.0,47.0,40.0,47.0,43.0,46.0,44.0,47.0,46.0,42.0,45.0
--nstates 4 --s0 3 --n0 1 --n0x0 0 --c0x0 4 --p0x0 10 --w0x0 3.5 --s1 0 --rwm1 1 --n1 2 --n1x0 1 --c1x0 0 --p1x0 0.986 --n1x1 0 --c1x1 2 --p1x1 0.984 --s2 2 --n2 2 --n2x0 0 --c2x0 2 --p2x0 0.763 --n2x1 2 --c2x1 2 --p2x1 0.081 --s3 3 --n3 4 --n3x0 0 --c3x0 2 --p3x0 0.404 --n3x1 0 --c3x1 4 --p3x1 1 --w3x1 11.23 --n3x2 1 --c3x2 5 --p3x2 0.606 --n3x3 0 --c3x3 4 --p3x3 5 --w3x3 1.02 ,45.531,7.10463e+36,44.234,6.90228e+36,39.0,52.0,58.0,44.0,55.0,56.0,50.0,47.0,54.0,56.0,53.0
--nstates 4 --s0 3 --n0 1 --n0x0 0 --c0x0 4 --p0x0 10 --w0x0 3.5 --s1 0 --rwm1 1 --n1 2 --n1x0 1 --c1x0 0 --p1x0 0.129 --n1x1 0 --c1x1 2 --p1x1 0.675 --s2 2 --n2 2 --n2x0 0 --c2x0 2 --p2x0 0.113 --n2x1 2 --c2x1 2 --p2x1 0.503 --s3 3 --n3 4 --n3x0 0 --c3x0 2 --p3x0 0.373 --n3x1 0 --c3x1 4 --p3x1 5 --w3x1 11.23 --n3x2 1 --c3x2 5 --p3x2 0.666 --n3x3 0 --c3x3 4 --p3x3 7 --w3x3 1.02 ,46.285,1.40848e+18,44.964,1.36829e+18,51.0,39.0,48.0,48.0,48.0,39.0,44.0,42.0,46.0,43.0,45.0
--nstates 4 --s0 3 --n0 1 --n0x0 0 --c0x0 4 --p0x0 4 --w0x0 3.5 --s1 0 --rwm1 1 --n1 2 --n1x0 1 --c1x0 0 --p1x0 0.144 --n1x1 0 --c1x1 2 --p1x1 0.258 --s2 2 --n2 2 --n2x0 0 --c2x0 2 --p2x0 0.64 --n2x1 2 --c2x1 2 --p2x1 0.735 --s3 3 --n3 4 --n3x0 0 --c3x0 2 --p3x0 0.788 --n3x1 0 --c3x1 4 --p3x1 1 --w3x1 11.23 --n3x2 1 --c3x2 5 --p3x2 0.163 --n3x3 0 --c3x3 4 --p3x3 8 --w3x3 1.02 ,46.488,0.043,46.834,0.043,47.0,48.0,52.0,45.0,45.0,40.0,42.0,48.0,48.0,44.0,46.0
--nstates 4 --s0 3 --n0 1 --n0x0 0 --c0x0 4 --p0x0 9 --w0x0 3.5 --s1 0 --rwm1 1 --n1 2 --n1x0 1 --c1x0 0 --p1x0 0.191 --n1x1 0 --c1x1 2 --p1x1 0.507 --s2 2 --n2 2 --n2x0 0 --c2x0 2 --p2x0 0.415 --n2x1 2 --c2x1 2 --p2x1 0.472 --s3 3 --n3 4 --n3x0 0 --c3x0 2 --p3x0 0.475 --n3x1 0 --c3x1 4 --p3x1 10 --w3x1 11.23 --n3x2 1 --c3x2 5 --p3x2 0.865 --n3x3 0 --c3x3 4 --p3x3 6 --w3x3 1.02 ,44.9,224638.0,45.006,225171.0,45.0,51.0,41.0,49.0,46.0,54.0,45.0,45.0,49.0,49.0,47.5
--nstates 4 --s0 3 --n0 1 --n0x0 0 --c0x0 4 --p0x0 8 --w0x0 3.5 --s1 0 --rwm1 1 --n1 2 --n1x0 1 --c1x0 0 --p1x0 0.529 --n1x1 0 --c1x1 2 --p1x1 0.584 --s2 2 --n2 2 --n2x0 0 --c2x0 2 --p2x0 0.101 --n2x1 2 --c2x1 2 --p2x1 0.716 --s3 3 --n3 4 --n3x0 0 --c3x0 2 --p3x0 0.674 --n3x1 0 --c3x1 4 --p3x1 6 --w3x1 11.23 --n3x2 1 --c3x2 5 --p3x2 0.46 --n3x3 0 --c3x3 4 --p3x3 4 --w3x3 1.02 ,50.104,87649700000000.0,48.661,85125700000000.0,49.0,43.0,44.0,50.0,42.0,52.0,54.0,53.0,52.0,47.0,49.5
--nstates 4 --s0 3 --n0 1 --n0x0 0 --c0x0 4 --p0x0 3 --w0x0 3.5 --s1 0 --rwm1 1 --n1 2 --n1x0 1 --c1x0 0 --p1x0 0.721 --n1x1 0 --c1x1 2 --p1x1 0.812 --s2 2 --n2 2 --n2x0 0 --c2x0 2 --p2x0 0.277 --n2x1 2 --c2x1 2 --p2x1 0.748 --s3 3 --n3 4 --n3x0 0 --c3x0 2 --p3x0 0.341 --n3x1 0 --c3x1 4 --p3x1 4 --w3x1 11.23 --n3x2 1 --c3x2 5 --p3x2 0.971 --n3x3 0 --c3x3 4 --p3x3 7 --w3x3 1.02 ,50.798,5.84579e+29,49.333,5.67718e+29,49.0,49.0,45.0,48.0,53.0,52.0,45.0,57.0,53.0,41.0,49.0
--nstates 4 --s0 3 --n0 1 --n0x0 0 --c0x0 4 --p0x0 2 --w0x0 3.5 --s1 0 --rwm1 1 --n1 2 --n1x0 1 --c1x0 0 --p1x0 0.227 --n1x1 0 --c1x1 2 --p1x1 0.747 --s2 2 --n2 2 --n2x0 0 --c2x0 2 --p2x0 0.308 --n2x1 2 --c2x1 2 --p2x1 0.856 --s3 3 --n3 4 --n3x0 0 --c3x0 2 --p3x0 0.63 --n3x1 0 --c3x1 4 --p3x1 1 --w3x1 11.23 --n3x2 1 --c3x2 5 --p3x2 0.726 --n3x3 0 --c3x3 4 --p3x3 4 --w3x3 1.02 ,52.649,1.93714e+23,51.125,1.88105e+23,51.0,49.0,53.0,44.0,54.0,51.0,46.0,42.0,48.0,44.0,48.5
--nstates 4 --s0 3 --n0 1 --n0x0 0 --c0x0 4 --p0x0 9 --w0x0 3.5 --s1 0 --rwm1 1 --n1 2 --n1x0 1 --c1x0 0 --p1x0 0.197 --n1x1 0 --c1x1 2 --p1x1 0.884 --s2 2 --n2 2 --n2x0 0 --c2x0 2 --p2x0 0.494 --n2x1 2 --c2x1 2 --p2x1 0.245 --s3 3 --n3 4 --n3x0 0 --c3x0 2 --p3x0 0.712 --n3x1 0 --c3x1 4 --p3x1 9 --w3x1 11.23 --n3x2 1 --c3x2 5 --p3x2 0.739 --n3x3 0 --c3x3 4 --p3x3 1 --w3x3 1.02 ,45.738,5.232970000000001e+30,44.434,5.08385e+30,50.0,50.0,46.0,50.0,43.0,44.0,47.0,44.0,57.0,45.0,46.5
--nstates 4 --s0 3 --n0 1 --n0x0 0 --c0x0 4 --p0x0 10 --w0x0 3.5 --s1 0 --rwm1 1 --n1 2 --n1x0 1 --c1x0 0 --p1x0 0.719 --n1x1 0 --c1x1 2 --p1x1 0.753 --s2 2 --n2 2 --n2x0 0 --c2x0 2 --p2x0 0.029 --n2x1 2 --c2x1 2 --p2x1 0.09 --s3 3 --n3 4 --n3x0 0 --c3x0 2 --p3x0 0.2 --n3x1 0 --c3x1 4 --p3x1 5 --w3x1 11.23 --n3x2 1 --c3x2 5 --p3x2 0.681 --n3x3 0 --c3x3 4 --p3x3 10 --w3x3 1.02 ,45.487,8.02289e+23,44.192,7.79442e+23,43.0,51.0,52.0,49.0,47.0,48.0,50.0,46.0,53.0,39.0,48.5
--nstates 4 --s0 3 --n0 1 --n0x0 0 --c0x0 4 --p0x0 10 --w0x0 3.5 --s1 0 --rwm1 1 --n1 2 --n1x0 1 --c1x0 0 --p1x0 0.124 --n1x1 0 --c1x1 2 --p1x1 0.183 --s2 2 --n2 2 --n2x0 0 --c2x0 2 --p2x0 0.252 --n2x1 2 --c2x1 2 --p2x1 0.541 --s3 3 --n3 4 --n3x0 0 --c3x0 2 --p3x0 0.29 --n3x1 0 --c3x1 4 --p3x1 7 --w3x1 11.23 --n3x2 1 --c3x2 5 --p3x2 0.019 --n3x3 0 --c3x3 4 --p3x3 1 --w3x3 1.02 ,47.393,0.012,46.29,0.012,46.0,40.0,47.0,38.0,38.0,49.0,36.0,41.0,44.0,43.0,42.0
--nstates 4 --s0 3 --n0 1 --n0x0 0 --c0x0 4 --p0x0 4 --w0x0 3.5 --s1 0 --rwm1 1 --n1 2 --n1x0 1 --c1x0 0 --p1x0 0.669 --n1x1 0 --c1x1 2 --p1x1 0.555 --s2 2 --n2 2 --n2x0 0 --c2x0 2 --p2x0 0.538 --n2x1 2 --c2x1 2 --p2x1 0.987 --s3 3 --n3 4 --n3x0 0 --c3x0 2 --p3x0 0.113 --n3x1 0 --c3x1 4 --p3x1 8 --w3x1 11.23 --n3x2 1 --c3x2 5 --p3x2 0.434 --n3x3 0 --c3x3 4 --p3x3 4 --w3x3 1.02 ,50.912,1110860000000.0,49.443,1078810000000.0,44.0,52.0,53.0,49.0,47.0,52.0,50.0,47.0,49.0,45.0,49.0
--nstates 4 --s0 3 --n0 1 --n0x0 0 --c0x0 4 --p0x0 2 --w0x0 3.5 --s1 0 --rwm1 1 --n1 2 --n1x0 1 --c1x0 0 --p1x0 0.849 --n1x1 0 --c1x1 2 --p1x1 0.786 --s2 2 --n2 2 --n2x0 0 --c2x0 2 --p2x0 0.228 --n2x1 2 --c2x1 2 --p2x1 0.849 --s3 3 --n3 4 --n3x0 0 --c3x0 2 --p3x0 0.692 --n3x1 0 --c3x1 4 --p3x1 6 --w3x1 11.23 --n3x2 1 --c3x2 5 --p3x2 0.116 --n3x3 0 --c3x3 4 --p3x3 2 --w3x3 1.02 ,53.343,9.63476e+27,51.796,9.355399999999999e+27,39.0,46.0,45.0,42.0,47.0,51.0,50.0,48.0,52.0,51.0,47.5
--nstates 4 --s0 3 --n0 1 --n0x0 0 --c0x0 4 --p0x0 2 --w0x0 3.5 --s1 0 --rwm1 1 --n1 2 --n1x0 1 --c1x0 0 --p1x0 0.508 --n1x1 0 --c1x1 2 --p1x1 0.956 --s2 2 --n2 2 --n2x0 0 --c2x0 2 --p2x0 0.221 --n2x1 2 --c2x1 2 --p2x1 0.789 --s3 3 --n3 4 --n3x0 0 --c3x0 2 --p3x0 0.229 --n3x1 0 --c3x1 4 --p3x1 3 --w3x1 11.23 --n3x2 1 --c3x2 5 --p3x2 0.843 --n3x3 0 --c3x3 4 --p3x3 2 --w3x3 1.02 ,53.027,7.82839e+35,51.491,7.60154e+35,51.0,47.0,56.0,51.0,48.0,52.0,50.0,59.0,51.0,43.0,51.0
--nstates 4 --s0 3 --n0 1 --n0x0 0 --c0x0 4 --p0x0 7 --w0x0 3.5 --s1 0 --rwm1 1 --n1 2 --n1x0 1 --c1x0 0 --p1x0 0.726 --n1x1 0 --c1x1 2 --p1x1 0.161 --s2 2 --n2 2 --n2x0 0 --c2x0 2 --p2x0 0.328 --n2x1 2 --c2x1 2 --p2x1 0.247 --s3 3 --n3 4 --n3x0 0 --c3x0 2 --p3x0 0.882 --n3x1 0 --c3x1 4 --p3x1 9 --w3x1 11.23 --n3x2 1 --c3x2 5 --p3x2 0.911 --n3x3 0 --c3x3 4 --p3x3 9 --w3x3 1.02 ,48.1,0.05,46.735,0.049,53.0,42.0,46.0,50.0,47.0,51.0,39.0,51.0,55.0,45.0,48.5
--nstates 4 --s0 3 --n0 1 --n0x0 0 --c0x0 4 --p0x0 3 --w0x0 3.5 --s1 0 --rwm1 1 --n1 2 --n1x0 1 --c1x0 0 --p1x0 0.431 --n1x1 0 --c1x1 2 --p1x1 0.512 --s2 2 --n2 2 --n2x0 0 --c2x0 2 --p2x0 0.115 --n2x1 2 --c2x1 2 --p2x1 0.115 --s3 3 --n3 4 --n3x0 0 --c3x0 2 --p3x0 0.46 --n3x1 0 --c3x1 4 --p3x1 10 --w3x1 11.23 --n3x2 1 --c3x2 5 --p3x2 0.245 --n3x3 0 --c3x3 4 --p3x3 7 --w3x3 1.02 ,43.37,272602.0,44.087,277111.0,45.0,60.0,48.0,50.0,42.0,46.0,49.0,51.0,49.0,41.0,48.5
--nstates 4 --s0 3 --n0 1 --n0x0 0 --c0x0 4 --p0x0 5 --w0x0 3.5 --s1 0 --rwm1 1 --n1 2 --n1x0 1 --c1x0 0 --p1x0 0.935 --n1x1 0 --c1x1 2 --p1x1 0.664 --s2 2 --n2 2 --n2x0 0 --c2x0 2 --p2x0 0.555 --n2x1 2 --c2x1 2 --p2x1 0.51 --s3 3 --n3 4 --n3x0 0 --c3x0 2 --p3x0 0.176 --n3x1 0 --c3x1 4 --p3x1 2 --w3x1 11.23 --n3x2 1 --c3x2 5 --p3x2 0.801 --n3x3 0 --c3x3 4 --p3x3 4 --w3x3 1.02 ,49.04,1.29865e+20,47.631,1.26134e+20,48.0,52.0,53.0,51.0,51.0,49.0,50.0,46.0,46.0,51.0,50.5
--nstates 4 --s0 3 --n0 1 --n0x0 0 --c0x0 4 --p0x0 5 --w0x0 3.5 --s1 0 --rwm1 1 --n1 2 --n1x0 1 --c1x0 0 --p1x0 0.779 --n1x1 0 --c1x1 2 --p1x1 0.71 --s2 2 --n2 2 --n2x0 0 --c2x0 2 --p2x0 0.336 --n2x1 2 --c2x1 2 --p2x1 0.675 --s3 3 --n3 4 --n3x0 0 --c3x0 2 --p3x0 0.734 --n3x1 0 --c3x1 4 --p3x1 2 --w3x1 11.23 --n3x2 1 --c3x2 5 --p3x2 0.607 --n3x3 0 --c3x3 4 --p3x3 10 --w3x3 1.02 ,50.847,4.94617e+23,49.381,4.80351e+23,50.0,49.0,54.0,44.0,53.0,52.0,41.0,43.0,59.0,38.0,49.5
--nstates 4 --s0 3 --n0 1 --n0x0 0 --c0x0 4 --p0x0 5 --w0x0 3.5 --s1 0 --rwm1 1 --n1 2 --n1x0 1 --c1x0 0 --p1x0 0.366 --n1x1 0 --c1x1 2 --p1x1 0.939 --s2 2 --n2 2 --n2x0 0 --c2x0 2 --p2x0 0.238 --n2x1 2 --c2x1 2 --p2x1 0.042 --s3 3 --n3 4 --n3x0 0 --c3x0 2 --p3x0 0.753 --n3x1 0 --c3x1 4 --p3x1 9 --w3x1 11.23 --n3x2 1 --c3x2 5 --p3x2 0.746 --n3x3 0 --c3x3 4 --p3x3 2 --w3x3 1.02 ,45.345,7.33578e+32,44.054,7.12695e+32,44.0,47.0,45.0,42.0,55.0,44.0,43.0,48.0,51.0,45.0,45.0
--nstates 4 --s0 3 --n0 1 --n0x0 0 --c0x0 4 --p0x0 4 --w0x0 3.5 --s1 0 --rwm1 1 --n1 2 --n1x0 1 --c1x0 0 --p1x0 0.573 --n1x1 0 --c1x1 2 --p1x1 0.812 --s2 2 --n2 2 --n2x0 0 --c2x0 2 --p2x0 0.23 --n2x1 2 --c2x1 2 --p2x1 0.326 --s3 3 --n3 4 --n3x0 0 --c3x0 2 --p3x0 0.907 --n3x1 0 --c3x1 4 --p3x1 6 --w3x1 11.23 --n3x2 1 --c3x2 5 --p3x2 0.168 --n3x3 0 --c3x3 4 --p3x3 3 --w3x3 1.02 ,47.627,4.39002e+28,46.264,4.264319999999999e+28,52.0,52.0,54.0,50.0,50.0,49.0,47.0,52.0,58.0,48.0,51.0
--nstates 4 --s0 3 --n0 1 --n0x0 0 --c0x0 4 --p0x0 1 --w0x0 3.5 --s1 0 --rwm1 1 --n1 2 --n1x0 1 --c1x0 0 --p1x0 0.728 --n1x1 0 --c1x1 2 --p1x1 0.305 --s2 2 --n2 2 --n2x0 0 --c2x0 2 --p2x0 0.198 --n2x1 2 --c2x1 2 --p2x1 0.48 --s3 3 --n3 4 --n3x0 0 --c3x0 2 --p3x0 0.949 --n3x1 0 --c3x1 4 --p3x1 4 --w3x1 11.23 --n3x2 1 --c3x2 5 --p3x2 0.786 --n3x3 0 --c3x3 4 --p3x3 5 --w3x3 1.02 ,47.524,0.08,46.192,0.077,49.0,52.0,50.0,48.0,55.0,54.0,47.0,52.0,52.0,49.0,51.0
--nstates 4 --s0 3 --n0 1 --n0x0 0 --c0x0 4 --p0x0 5 --w0x0 3.5 --s1 0 --rwm1 1 --n1 2 --n1x0 1 --c1x0 0 --p1x0 0.476 --n1x1 0 --c1x1 2 --p1x1 0.17 --s2 2 --n2 2 --n2x0 0 --c2x0 2 --p2x0 0.005 --n2x1 2 --c2x1 2 --p2x1 0.595 --s3 3 --n3 4 --n3x0 0 --c3x0 2 --p3x0 0.56 --n3x1 0 --c3x1 4 --p3x1 8 --w3x1 11.23 --n3x2 1 --c3x2 5 --p3x2 0.164 --n3x3 0 --c3x3 4 --p3x3 2 --w3x3 1.02 ,48.41,0.071,47.037,0.069,49.0,44.0,46.0,51.0,52.0,41.0,44.0,45.0,45.0,45.0,45.0
--nstates 4 --s0 3 --n0 1 --n0x0 0 --c0x0 4 --p0x0 7 --w0x0 3.5 --s1 0 --rwm1 1 --n1 2 --n1x0 1 --c1x0 0 --p1x0 0.067 --n1x1 0 --c1x1 2 --p1x1 0.979 --s2 2 --n2 2 --n2x0 0 --c2x0 2 --p2x0 0.126 --n2x1 2 --c2x1 2 --p2x1 0.821 --s3 3 --n3 4 --n3x0 0 --c3x0 2 --p3x0 0.753 --n3x1 0 --c3x1 4 --p3x1 7 --w3x1 11.23 --n3x2 1 --c3x2 5 --p3x2 0.898 --n3x3 0 --c3x3 4 --p3x3 4 --w3x3 1.02 ,47.226,2.25666e+35,45.875,2.19211e+35,41.0,42.0,49.0,43.0,47.0,43.0,45.0,48.0,47.0,48.0,46.0
--nstates 4 --s0 3 --n0 1 --n0x0 0 --c0x0 4 --p0x0 8 --w0x0 3.5 --s1 0 --rwm1 1 --n1 2 --n1x0 1 --c1x0 0 --p1x0 0.685 --n1x1 0 --c1x1 2 --p1x1 0.355 --s2 2 --n2 2 --n2x0 0 --c2x0 2 --p2x0 0.819 --n2x1 2 --c2x1 2 --p2x1 0.547 --s3 3 --n3 4 --n3x0 0 --c3x0 2 --p3x0 0.092 --n3x1 0 --c3x1 4 --p3x1 9 --w3x1 11.23 --n3x2 1 --c3x2 5 --p3x2 0.275 --n3x3 0 --c3x3 4 --p3x3 2 --w3x3 1.02 ,45.872,0.634,47.927,0.662,54.0,51.0,55.0,50.0,50.0,50.0,49.0,50.0,51.0,50.0,50.0
--nstates 4 --s0 3 --n0 1 --n0x0 0 --c0x0 4 --p0x0 9 --w0x0 3.5 --s1 0 --rwm1 1 --n1 2 --n1x0 1 --c1x0 0 --p1x0 0.845 --n1x1 0 --c1x1 2 --p1x1 0.561 --s2 2 --n2 2 --n2x0 0 --c2x0 2 --p2x0 0.718 --n2x1 2 --c2x1 2 --p2x1 0.116 --s3 3 --n3 4 --n3x0 0 --c3x0 2 --p3x0 0.979 --n3x1 0 --c3x1 4 --p3x1 2 --w3x1 11.23 --n3x2 1 --c3x2 5 --p3x2 0.459 --n3x3 0 --c3x3 4 --p3x3 1 --w3x3 1.02 ,45.746,53618200000.0,44.445,52093300000.0,50.0,50.0,57.0,54.0,49.0,49.0,49.0,58.0,46.0,56.0,50.0
--nstates 4 --s0 3 --n0 1 --n0x0 0 --c0x0 4 --p0x0 4 --w0x0 3.5 --s1 0 --rwm1 1 --n1 2 --n1x0 1 --c1x0 0 --p1x0 0.883 --n1x1 0 --c1x1 2 --p1x1 0.102 --s2 2 --n2 2 --n2x0 0 --c2x0 2 --p2x0 0.244 --n2x1 2 --c2x1 2 --p2x1 0.421 --s3 3 --n3 4 --n3x0 0 --c3x0 2 --p3x0 0.478 --n3x1 0 --c3x1 4 --p3x1 3 --w3x1 11.23 --n3x2 1 --c3x2 5 --p3x2 0.415 --n3x3 0 --c3x3 4 --p3x3 7 --w3x3 1.02 ,48.226,0.057,46.827,0.055,52.0,41.0,48.0,47.0,51.0,55.0,39.0,48.0,45.0,45.0,47.5
--nstates 4 --s0 3 --n0 1 --n0x0 0 --c0x0 4 --p0x0 10 --w0x0 3.5 --s1 0 --rwm1 1 --n1 2 --n1x0 1 --c1x0 0 --p1x0 0.667 --n1x1 0 --c1x1 2 --p1x1 0.279 --s2 2 --n2 2 --n2x0 0 --c2x0 2 --p2x0 0.937 --n2x1 2 --c2x1 2 --p2x1 0.255 --s3 3 --n3 4 --n3x0 0 --c3x0 2 --p3x0 0.713 --n3x1 0 --c3x1 4 --p3x1 10 --w3x1 11.23 --n3x2 1 --c3x2 5 --p3x2 0.308 --n3x3 0 --c3x3 4 --p3x3 6 --w3x3 1.02 ,46.312,0.103,46.947,0.104,51.0,51.0,44.0,45.0,51.0,46.0,39.0,50.0,47.0,43.0,46.5
--nstates 4 --s0 3 --n0 1 --n0x0 0 --c0x0 4 --p0x0 5 --w0x0 3.5 --s1 0 --rwm1 1 --n1 2 --n1x0 1 --c1x0 0 --p1x0 0.338 --n1x1 0 --c1x1 2 --p1x1 0.901 --s2 2 --n2 2 --n2x0 0 --c2x0 2 --p2x0 0.719 --n2x1 2 --c2x1 2 --p2x1 0.531 --s3 3 --n3 4 --n3x0 0 --c3x0 2 --p3x0 0.979 --n3x1 0 --c3x1 4 --p3x1 7 --w3x1 11.23 --n3x2 1 --c3x2 5 --p3x2 0.148 --n3x3 0 --c3x3 4 --p3x3 2 --w3x3 1.02 ,48.517,2.17499e+33,47.125,2.11258e+33,46.0,44.0,51.0,49.0,41.0,46.0,46.0,48.0,41.0,49.0,46.0
--nstates 4 --s0 3 --n0 1 --n0x0 0 --c0x0 4 --p0x0 9 --w0x0 3.5 --s1 0 --rwm1 1 --n1 2 --n1x0 1 --c1x0 0 --p1x0 0.814 --n1x1 0 --c1x1 2 --p1x1 0.905 --s2 2 --n2 2 --n2x0 0 --c2x0 2 --p2x0 0.007 --n2x1 2 --c2x1 2 --p2x1 0.536 --s3 3 --n3 4 --n3x0 0 --c3x0 2 --p3x0 0.022 --n3x1 0 --c3x1 4 --p3x1 9 --w3x1 11.23 --n3x2 1 --c3x2 5 --p3x2 0.266 --n3x3 0 --c3x3 4 --p3x3 3 --w3x3 1.02 ,48.868,2.57496e+34,47.465,2.5010099999999996e+34,44.0,43.0,50.0,44.0,51.0,57.0,46.0,55.0,51.0,48.0,49.0
--nstates 4 --s0 3 --n0 1 --n0x0 0 --c0x0 4 --p0x0 1 --w0x0 3.5 --s1 0 --rwm1 1 --n1 2 --n1x0 1 --c1x0 0 --p1x0 0.83 --n1x1 0 --c1x1 2 --p1x1 0.699 --s2 2 --n2 2 --n2x0 0 --c2x0 2 --p2x0 0.021 --n2x1 2 --c2x1 2 --p2x1 0.717 --s3 3 --n3 4 --n3x0 0 --c3x0 2 --p3x0 0.127 --n3x1 0 --c3x1 4 --p3x1 7 --w3x1 11.23 --n3x2 1 --c3x2 5 --p3x2 0.462 --n3x3 0 --c3x3 4 --p3x3 5 --w3x3 1.02 ,51.14,74262600000.0,51.653,75006700000.0,46.0,55.0,40.0,50.0,47.0,61.0,53.0,54.0,60.0,49.0,51.5
--nstates 4 --s0 3 --n0 1 --n0x0 0 --c0x0 4 --p0x0 5 --w0x0 3.5 --s1 0 --rwm1 1 --n1 2 --n1x0 1 --c1x0 0 --p1x0 0.781 --n1x1 0 --c1x1 2 --p1x1 0.097 --s2 2 --n2 2 --n2x0 0 --c2x0 2 --p2x0 0.194 --n2x1 2 --c2x1 2 --p2x1 0.353 --s3 3 --n3 4 --n3x0 0 --c3x0 2 --p3x0 0.63 --n3x1 0 --c3x1 4 --p3x1 5 --w3x1 11.23 --n3x2 1 --c3x2 5 --p3x2 0.095 --n3x3 0 --c3x3 4 --p3x3 2 --w3x3 1.02 ,48.045,0.037,46.652,0.036,44.0,53.0,51.0,44.0,47.0,47.0,42.0,51.0,51.0,44.0,47.0
--nstates 4 --s0 3 --n0 1 --n0x0 0 --c0x0 4 --p0x0 5 --w0x0 3.5 --s1 0 --rwm1 1 --n1 2 --n1x0 1 --c1x0 0 --p1x0 0.369 --n1x1 0 --c1x1 2 --p1x1 0.86 --s2 2 --n2 2 --n2x0 0 --c2x0 2 --p2x0 0.022 --n2x1 2 --c2x1 2 --p2x1 0.139 --s3 3 --n3 4 --n3x0 0 --c3x0 2 --p3x0 0.712 --n3x1 0 --c3x1 4 --p3x1 3 --w3x1 11.23 --n3x2 1 --c3x2 5 --p3x2 0.878 --n3x3 0 --c3x3 4 --p3x3 7 --w3x3 1.02 ,45.654,6.86713e+29,44.354,6.67148e+29,52.0,46.0,53.0,52.0,46.0,47.0,43.0,50.0,44.0,50.0,48.5
--nstates 4 --s0 3 --n0 1 --n0x0 0 --c0x0 4 --p0x0 4 --w0x0 3.5 --s1 0 --rwm1 1 --n1 2 --n1x0 1 --c1x0 0 --p1x0 0.708 --n1x1 0 --c1x1 2 --p1x1 0.11 --s2 2 --n2 2 --n2x0 0 --c2x0 2 --p2x0 0.339 --n2x1 2 --c2x1 2 --p2x1 0.632 --s3 3 --n3 4 --n3x0 0 --c3x0 2 --p3x0 0.903 --n3x1 0 --c3x1 4 --p3x1 4 --w3x1 11.23 --n3x2 1 --c3x2 5 --p3x2 0.255 --n3x3 0 --c3x3 4 --p3x3 2 --w3x3 1.02 ,48.595,0.086,47.186,0.083,38.0,42.0,50.0,49.0,55.0,40.0,38.0,49.0,41.0,38.0,41.5
--nstates 4 --s0 3 --n0 1 --n0x0 0 --c0x0 4 --p0x0 4 --w0x0 3.5 --s1 0 --rwm1 1 --n1 2 --n1x0 1 --c1x0 0 --p1x0 0.245 --n1x1 0 --c1x1 2 --p1x1 0.809 --s2 2 --n2 2 --n2x0 0 --c2x0 2 --p2x0 0.503 --n2x1 2 --c2x1 2 --p2x1 0.111 --s3 3 --n3 4 --n3x0 0 --c3x0 2 --p3x0 0.262 --n3x1 0 --c3x1 4 --p3x1 1 --w3x1 11.23 --n3x2 1 --c3x2 5 --p3x2 0.738 --n3x3 0 --c3x3 4 --p3x3 6 --w3x3 1.02 ,45.395,1.15787e+26,44.103,1.1249e+26,57.0,52.0,45.0,43.0,51.0,54.0,48.0,40.0,53.0,52.0,51.5
--nstates 4 --s0 3 --n0 1 --n0x0 0 --c0x0 4 --p0x0 9 --w0x0 3.5 --s1 0 --rwm1 1 --n1 2 --n1x0 1 --c1x0 0 --p1x0 0.839 --n1x1 0 --c1x1 2 --p1x1 0.291 --s2 2 --n2 2 --n2x0 0 --c2x0 2 --p2x0 0.81 --n2x1 2 --c2x1 2 --p2x1 0.357 --s3 3 --n3 4 --n3x0 0 --c3x0 2 --p3x0 0.021 --n3x1 0 --c3x1 4 --p3x1 9 --w3x1 11.23 --n3x2 1 --c3x2 5 --p3x2 0.552 --n3x3 0 --c3x3 4 --p3x3 1 --w3x3 1.02 ,45.925,0.127,47.128,0.131,48.0,47.0,47.0,42.0,53.0,45.0,41.0,47.0,48.0,47.0,47.0
--nstates 4 --s0 3 --n0 1 --n0x0 0 --c0x0 4 --p0x0 10 --w0x0 3.5 --s1 0 --rwm1 1 --n1 2 --n1x0 1 --c1x0 0 --p1x0 0.76 --n1x1 0 --c1x1 2 --p1x1 0.414 --s2 2 --n2 2 --n2x0 0 --c2x0 2 --p2x0 0.448 --n2x1 2 --c2x1 2 --p2x1 0.215 --s3 3 --n3 4 --n3x0 0 --c3x0 2 --p3x0 0.685 --n3x1 0 --c3x1 4 --p3x1 5 --w3x1 11.23 --n3x2 1 --c3x2 5 --p3x2 0.701 --n3x3 0 --c3x3 4 --p3x3 5 --w3x3 1.02 ,42.86,4.651,48.376,5.249,51.0,42.0,40.0,49.0,48.0,44.0,42.0,54.0,50.0,50.0,48.5
--nstates 4 --s0 3 --n0 1 --n0x0 0 --c0x0 4 --p0x0 1 --w0x0 3.5 --s1 0 --rwm1 1 --n1 2 --n1x0 1 --c1x0 0 --p1x0 0.594 --n1x1 0 --c1x1 2 --p1x1 0.544 --s2 2 --n2 2 --n2x0 0 --c2x0 2 --p2x0 0.921 --n2x1 2 --c2x1 2 --p2x1 0.26 --s3 3 --n3 4 --n3x0 0 --c3x0 2 --p3x0 0.711 --n3x1 0 --c3x1 4 --p3x1 5 --w3x1 11.23 --n3x2 1 --c3x2 5 --p3x2 0.702 --n3x3 0 --c3x3 4 --p3x3 8 --w3x3 1.02 ,25.006,1477.97,48.053,2840.14,49.0,42.0,53.0,52.0,45.0,58.0,58.0,46.0,52.0,45.0,50.5
--nstates 4 --s0 3 --n0 1 --n0x0 0 --c0x0 4 --p0x0 1 --w0x0 3.5 --s1 0 --rwm1 1 --n1 2 --n1x0 1 --c1x0 0 --p1x0 0.453 --n1x1 0 --c1x1 2 --p1x1 0.393 --s2 2 --n2 2 --n2x0 0 --c2x0 2 --p2x0 0.905 --n2x1 2 --c2x1 2 --p2x1 0.269 --s3 3 --n3 4 --n3x0 0 --c3x0 2 --p3x0 0.913 --n3x1 0 --c3x1 4 --p3x1 6 --w3x1 11.23 --n3x2 1 --c3x2 5 --p3x2 0.12 --n3x3 0 --c3x3 4 --p3x3 6 --w3x3 1.02 ,46.604,0.038,46.263,0.037,51.0,43.0,42.0,43.0,54.0,44.0,48.0,47.0,43.0,50.0,45.5
--nstates 4 --s0 3 --n0 1 --n0x0 0 --c0x0 4 --p0x0 7 --w0x0 3.5 --s1 0 --rwm1 1 --n1 2 --n1x0 1 --c1x0 0 --p1x0 0.842 --n1x1 0 --c1x1 2 --p1x1 0.049 --s2 2 --n2 2 --n2x0 0 --c2x0 2 --p2x0 0.526 --n2x1 2 --c2x1 2 --p2x1 0.108 --s3 3 --n3 4 --n3x0 0 --c3x0 2 --p3x0 0.138 --n3x1 0 --c3x1 4 --p3x1 4 --w3x1 11.23 --n3x2 1 --c3x2 5 --p3x2 0.796 --n3x3 0 --c3x3 4 --p3x3 8 --w3x3 1.02 ,47.473,0.005,46.096,0.005,46.0,45.0,43.0,45.0,38.0,52.0,39.0,42.0,45.0,51.0,45.0
--nstates 4 --s0 3 --n0 1 --n0x0 0 --c0x0 4 --p0x0 8 --w0x0 3.5 --s1 0 --rwm1 1 --n1 2 --n1x0 1 --c1x0 0 --p1x0 0.429 --n1x1 0 --c1x1 2 --p1x1 0.076 --s2 2 --n2 2 --n2x0 0 --c2x0 2 --p2x0 0.328 --n2x1 2 --c2x1 2 --p2x1 0.908 --s3 3 --n3 4 --n3x0 0 --c3x0 2 --p3x0 0.69 --n3x1 0 --c3x1 4 --p3x1 4 --w3x1 11.23 --n3x2 1 --c3x2 5 --p3x2 0.337 --n3x3 0 --c3x3 4 --p3x3 3 --w3x3 1.02 ,48.12,0.045,46.724,0.044,44.0,31.0,41.0,40.0,40.0,56.0,41.0,41.0,41.0,44.0,41.0
--nstates 4 --s0 3 --n0 1 --n0x0 0 --c0x0 4 --p0x0 9 --w0x0 3.5 --s1 0 --rwm1 1 --n1 2 --n1x0 1 --c1x0 0 --p1x0 0.444 --n1x1 0 --c1x1 2 --p1x1 0.513 --s2 2 --n2 2 --n2x0 0 --c2x0 2 --p2x0 0.967 --n2x1 2 --c2x1 2 --p2x1 0.799 --s3 3 --n3 4 --n3x0 0 --c3x0 2 --p3x0 0.814 --n3x1 0 --c3x1 4 --p3x1 5 --w3x1 11.23 --n3x2 1 --c3x2 5 --p3x2 0.193 --n3x3 0 --c3x3 4 --p3x3 6 --w3x3 1.02 ,50.377,70055100.0,48.935,68049800.0,43.0,48.0,56.0,51.0,51.0,52.0,41.0,45.0,46.0,46.0,47.0
--nstates 4 --s0 3 --n0 1 --n0x0 0 --c0x0 4 --p0x0 7 --w0x0 3.5 --s1 0 --rwm1 1 --n1 2 --n1x0 1 --c1x0 0 --p1x0 0.703 --n1x1 0 --c1x1 2 --p1x1 0.065 --s2 2 --n2 2 --n2x0 0 --c2x0 2 --p2x0 0.944 --n2x1 2 --c2x1 2 --p2x1 0.381 --s3 3 --n3 4 --n3x0 0 --c3x0 2 --p3x0 0.152 --n3x1 0 --c3x1 4 --p3x1 10 --w3x1 11.23 --n3x2 1 --c3x2 5 --p3x2 0.882 --n3x3 0 --c3x3 4 --p3x3 8 --w3x3 1.02 ,47.746,0.021,46.361,0.02,44.0,37.0,46.0,44.0,38.0,49.0,42.0,42.0,51.0,42.0,43.0
--nstates 4 --s0 3 --n0 1 --n0x0 0 --c0x0 4 --p0x0 6 --w0x0 3.5 --s1 0 --rwm1 1 --n1 2 --n1x0 1 --c1x0 0 --p1x0 0.781 --n1x1 0 --c1x1 2 --p1x1 0.474 --s2 2 --n2 2 --n2x0 0 --c2x0 2 --p2x0 0.888 --n2x1 2 --c2x1 2 --p2x1 0.264 --s3 3 --n3 4 --n3x0 0 --c3x0 2 --p3x0 0.373 --n3x1 0 --c3x1 4 --p3x1 7 --w3x1 11.23 --n3x2 1 --c3x2 5 --p3x2 0.635 --n3x3 0 --c3x3 4 --p3x3 4 --w3x3 1.02 ,45.98,4631.27,46.607,4694.42,49.0,45.0,41.0,45.0,54.0,52.0,48.0,46.0,50.0,48.0,48.0
--nstates 4 --s0 3 --n0 1 --n0x0 0 --c0x0 4 --p0x0 4 --w0x0 3.5 --s1 0 --rwm1 1 --n1 2 --n1x0 1 --c1x0 0 --p1x0 0.149 --n1x1 0 --c1x1 2 --p1x1 0.667 --s2 2 --n2 2 --n2x0 0 --c2x0 2 --p2x0 0.785 --n2x1 2 --c2x1 2 --p2x1 0.095 --s3 3 --n3 4 --n3x0 0 --c3x0 2 --p3x0 0.422 --n3x1 0 --c3x1 4 --p3x1 2 --w3x1 11.23 --n3x2 1 --c3x2 5 --p3x2 0.878 --n3x3 0 --c3x3 4 --p3x3 8 --w3x3 1.02 ,45.359,1.93188e+16,44.068,1.87689e+16,44.0,47.0,43.0,46.0,45.0,57.0,46.0,47.0,40.0,52.0,46.0
--nstates 4 --s0 3 --n0 1 --n0x0 0 --c0x0 4 --p0x0 7 --w0x0 3.5 --s1 0 --rwm1 1 --n1 2 --n1x0 1 --c1x0 0 --p1x0 0.315 --n1x1 0 --c1x1 2 --p1x1 0.396 --s2 2 --n2 2 --n2x0 0 --c2x0 2 --p2x0 0.855 --n2x1 2 --c2x1 2 --p2x1 0.681 --s3 3 --n3 4 --n3x0 0 --c3x0 2 --p3x0 0.299 --n3x1 0 --c3x1 4 --p3x1 10 --w3x1 11.23 --n3x2 1 --c3x2 5 --p3x2 0.778 --n3x3 0 --c3x3 4 --p3x3 1 --w3x3 1.02 ,42.885,1.365,48.146,1.533,53.0,52.0,48.0,48.0,52.0,47.0,42.0,47.0,51.0,53.0,49.5
--nstates 4 --s0 3 --n0 1 --n0x0 0 --c0x0 4 --p0x0 9 --w0x0 3.5 --s1 0 --rwm1 1 --n1 2 --n1x0 1 --c1x0 0 --p1x0 0.232 --n1x1 0 --c1x1 2 --p1x1 0.1 --s2 2 --n2 2 --n2x0 0 --c2x0 2 --p2x0 0.128 --n2x1 2 --c2x1 2 --p2x1 0.279 --s3 3 --n3 4 --n3x0 0 --c3x0 2 --p3x0 0.494 --n3x1 0 --c3x1 4 --p3x1 1 --w3x1 11.23 --n3x2 1 --c3x2 5 --p3x2 0.218 --n3x3 0 --c3x3 4 --p3x3 3 --w3x3 1.02 ,47.582,0.007,46.204,0.006,38.0,37.0,45.0,38.0,49.0,42.0,44.0,46.0,44.0,40.0,43.0
--nstates 4 --s0 3 --n0 1 --n0x0 0 --c0x0 4 --p0x0 5 --w0x0 3.5 --s1 0 --rwm1 1 --n1 2 --n1x0 1 --c1x0 0 --p1x0 0.247 --n1x1 0 --c1x1 2 --p1x1 0.987 --s2 2 --n2 2 --n2x0 0 --c2x0 2 --p2x0 0.46 --n2x1 2 --c2x1 2 --p2x1 0.322 --s3 3 --n3 4 --n3x0 0 --c3x0 2 --p3x0 0.323 --n3x1 0 --c3x1 4 --p3x1 4 --w3x1 11.23 --n3x2 1 --c3x2 5 --p3x2 0.526 --n3x3 0 --c3x3 4 --p3x3 9 --w3x3 1.02 ,46.231,2.55724e+36,44.912,2.48427e+36,42.0,44.0,52.0,43.0,45.0,51.0,44.0,49.0,52.0,54.0,47.0
--nstates 4 --s0 3 --n0 1 --n0x0 0 --c0x0 4 --p0x0 8 --w0x0 3.5 --s1 0 --rwm1 1 --n1 2 --n1x0 1 --c1x0 0 --p1x0 0.016 --n1x1 0 --c1x1 2 --p1x1 0.61 --s2 2 --n2 2 --n2x0 0 --c2x0 2 --p2x0 0.667 --n2x1 2 --c2x1 2 --p2x1 0.538 --s3 3 --n3 4 --n3x0 0 --c3x0 2 --p3x0 0.676 --n3x1 0 --c3x1 4 --p3x1 2 --w3x1 11.23 --n3x2 1 --c3x2 5 --p3x2 0.146 --n3x3 0 --c3x3 4 --p3x3 2 --w3x3 1.02 ,44.735,63078800000.0,43.847,61827100000.0,30.0,40.0,34.0,29.0,29.0,42.0,32.0,34.0,38.0,35.0,34.0
--nstates 4 --s0 3 --n0 1 --n0x0 0 --c0x0 4 --p0x0 6 --w0x0 3.5 --s1 0 --rwm1 1 --n1 2 --n1x0 1 --c1x0 0 --p1x0 0.899 --n1x1 0 --c1x1 2 --p1x1 0.421 --s2 2 --n2 2 --n2x0 0 --c2x0 2 --p2x0 0.816 --n2x1 2 --c2x1 2 --p2x1 0.218 --s3 3 --n3 4 --n3x0 0 --c3x0 2 --p3x0 0.315 --n3x1 0 --c3x1 4 --p3x1 9 --w3x1 11.23 --n3x2 1 --c3x2 5 --p3x2 0.178 --n3x3 0 --c3x3 4 --p3x3 5 --w3x3 1.02 ,43.084,11.091,48.877,12.583,56.0,49.0,44.0,47.0,49.0,48.0,47.0,49.0,47.0,54.0,48.5
--nstates 4 --s0 3 --n0 1 --n0x0 0 --c0x0 4 --p0x0 8 --w0x0 3.5 --s1 0 --rwm1 1 --n1 2 --n1x0 1 --c1x0 0 --p1x0 0.649 --n1x1 0 --c1x1 2 --p1x1 0.064 --s2 2 --n2 2 --n2x0 0 --c2x0 2 --p2x0 0.687 --n2x1 2 --c2x1 2 --p2x1 0.568 --s3 3 --n3 4 --n3x0 0 --c3x0 2 --p3x0 0.639 --n3x1 0 --c3x1 4 --p3x1 10 --w3x1 11.23 --n3x2 1 --c3x2 5 --p3x2 0.817 --n3x3 0 --c3x3 4 --p3x3 5 --w3x3 1.02 ,47.969,0.036,46.577,0.035,38.0,43.0,47.0,52.0,41.0,48.0,38.0,39.0,48.0,43.0,43.0
--nstates 4 --s0 3 --n0 1 --n0x0 0 --c0x0 4 --p0x0 7 --w0x0 3.5 --s1 0 --rwm1 1 --n1 2 --n1x0 1 --c1x0 0 --p1x0 0.016 --n1x1 0 --c1x1 2 --p1x1 0.775 --s2 2 --n2 2 --n2x0 0 --c2x0 2 --p2x0 0.898 --n2x1 2 --c2x1 2 --p2x1 0.252 --s3 3 --n3 4 --n3x0 0 --c3x0 2 --p3x0 0.763 --n3x1 0 --c3x1 4 --p3x1 6 --w3x1 11.23 --n3x2 1 --c3x2 5 --p3x2 0.173 --n3x3 0 --c3x3 4 --p3x3 7 --w3x3 1.02 ,45.363,2.40807e+21,44.071,2.33952e+21,34.0,37.0,36.0,29.0,36.0,38.0,27.0,40.0,46.0,28.0,36.0
--nstates 4 --s0 3 --n0 1 --n0x0 0 --c0x0 4 --p0x0 7 --w0x0 3.5 --s1 0 --rwm1 1 --n1 2 --n1x0 1 --c1x0 0 --p1x0 0.468 --n1x1 0 --c1x1 2 --p1x1 0.828 --s2 2 --n2 2 --n2x0 0 --c2x0 2 --p2x0 0.462 --n2x1 2 --c2x1 2 --p2x1 0.265 --s3 3 --n3 4 --n3x0 0 --c3x0 2 --p3x0 0.934 --n3x1 0 --c3x1 4 --p3x1 5 --w3x1 11.23 --n3x2 1 --c3x2 5 --p3x2 0.136 --n3x3 0 --c3x3 4 --p3x3 10 --w3x3 1.02 ,46.841,1.19588e+29,45.503,1.1617000000000002e+29,50.0,49.0,54.0,50.0,55.0,53.0,57.0,53.0,54.0,48.0,53.0
--nstates 4 --s0 3 --n0 1 --n0x0 0 --c0x0 4 --p0x0 6 --w0x0 3.5 --s1 0 --rwm1 1 --n1 2 --n1x0 1 --c1x0 0 --p1x0 0.333 --n1x1 0 --c1x1 2 --p1x1 0.75 --s2 2 --n2 2 --n2x0 0 --c2x0 2 --p2x0 0.072 --n2x1 2 --c2x1 2 --p2x1 0.136 --s3 3 --n3 4 --n3x0 0 --c3x0 2 --p3x0 0.596 --n3x1 0 --c3x1 4 --p3x1 6 --w3x1 11.23 --n3x2 1 --c3x2 5 --p3x2 0.049 --n3x3 0 --c3x3 4 --p3x3 1 --w3x3 1.02 ,45.502,1.33031e+23,44.206,1.29243e+23,46.0,47.0,48.0,41.0,47.0,49.0,49.0,45.0,51.0,49.0,47.5
--nstates 4 --s0 3 --n0 1 --n0x0 0 --c0x0 4 --p0x0 3 --w0x0 3.5 --s1 0 --rwm1 1 --n1 2 --n1x0 1 --c1x0 0 --p1x0 0.323 --n1x1 0 --c1x1 2 --p1x1 0.435 --s2 2 --n2 2 --n2x0 0 --c2x0 2 --p2x0 0.462 --n2x1 2 --c2x1 2 --p2x1 0.17 --s3 3 --n3 4 --n3x0 0 --c3x0 2 --p3x0 0.192 --n3x1 0 --c3x1 4 --p3x1 10 --w3x1 11.23 --n3x2 1 --c3x2 5 --p3x2 0.619 --n3x3 0 --c3x3 4 --p3x3 6 --w3x3 1.02 ,34.173,5.011,47.73,6.999,48.0,43.0,49.0,45.0,51.0,43.0,48.0,43.0,59.0,48.0,48.0
--nstates 4 --s0 3 --n0 1 --n0x0 0 --c0x0 4 --p0x0 2 --w0x0 3.5 --s1 0 --rwm1 1 --n1 2 --n1x0 1 --c1x0 0 --p1x0 0.366 --n1x1 0 --c1x1 2 --p1x1 0.775 --s2 2 --n2 2 --n2x0 0 --c2x0 2 --p2x0 0.626 --n2x1 2 --c2x1 2 --p2x1 0.921 --s3 3 --n3 4 --n3x0 0 --c3x0 2 --p3x0 0.055 --n3x1 0 --c3x1 4 --p3x1 5 --w3x1 11.23 --n3x2 1 --c3x2 5 --p3x2 0.153 --n3x3 0 --c3x3 4 --p3x3 7 --w3x3 1.02 ,52.923,4.4464e+25,51.39,4.31758e+25,48.0,47.0,43.0,47.0,55.0,53.0,40.0,51.0,53.0,44.0,47.5
--nstates 4 --s0 3 --n0 1 --n0x0 0 --c0x0 4 --p0x0 2 --w0x0 3.5 --s1 0 --rwm1 1 --n1 2 --n1x0 1 --c1x0 0 --p1x0 0.572 --n1x1 0 --c1x1 2 --p1x1 0.314 --s2 2 --n2 2 --n2x0 0 --c2x0 2 --p2x0 0.844 --n2x1 2 --c2x1 2 --p2x1 0.488 --s3 3 --n3 4 --n3x0 0 --c3x0 2 --p3x0 0.558 --n3x1 0 --c3x1 4 --p3x1 1 --w3x1 11.23 --n3x2 1 --c3x2 5 --p3x2 0.059 --n3x3 0 --c3x3 4 --p3x3 10 --w3x3 1.02 ,46.643,0.149,47.087,0.151,56.0,40.0,53.0,57.0,49.0,45.0,44.0,47.0,58.0,47.0,48.0
--nstates 4 --s0 3 --n0 1 --n0x0 0 --c0x0 4 --p0x0 3 --w0x0 3.5 --s1 0 --rwm1 1 --n1 2 --n1x0 1 --c1x0 0 --p1x0 0.377 --n1x1 0 --c1x1 2 --p1x1 0.366 --s2 2 --n2 2 --n2x0 0 --c2x0 2 --p2x0 0.024 --n2x1 2 --c2x1 2 --p2x1 0.196 --s3 3 --n3 4 --n3x0 0 --c3x0 2 --p3x0 0.479 --n3x1 0 --c3x1 4 --p3x1 6 --w3x1 11.23 --n3x2 1 --c3x2 5 --p3x2 0.671 --n3x3 0 --c3x3 4 --p3x3 2 --w3x3 1.02 ,36.713,0.152,47.156,0.195,48.0,56.0,56.0,59.0,43.0,51.0,49.0,47.0,42.0,54.0,50.0
--nstates 4 --s0 3 --n0 1 --n0x0 0 --c0x0 4 --p0x0 5 --w0x0 3.5 --s1 0 --rwm1 1 --n1 2 --n1x0 1 --c1x0 0 --p1x0 0.723 --n1x1 0 --c1x1 2 --p1x1 0.133 --s2 2 --n2 2 --n2x0 0 --c2x0 2 --p2x0 0.699 --n2x1 2 --c2x1 2 --p2x1 0.705 --s3 3 --n3 4 --n3x0 0 --c3x0 2 --p3x0 0.3 --n3x1 0 --c3x1 4 --p3x1 8 --w3x1 11.23 --n3x2 1 --c3x2 5 --p3x2 0.483 --n3x3 0 --c3x3 4 --p3x3 3 --w3x3 1.02 ,48.672,0.1,47.263,0.097,41.0,42.0,46.0,48.0,56.0,43.0,54.0,41.0,50.0,38.0,44.5
--nstates 4 --s0 3 --n0 1 --n0x0 0 --c0x0 4 --p0x0 6 --w0x0 3.5 --s1 0 --rwm1 1 --n1 2 --n1x0 1 --c1x0 0 --p1x0 0.766 --n1x1 0 --c1x1 2 --p1x1 0.894 --s2 2 --n2 2 --n2x0 0 --c2x0 2 --p2x0 0.612 --n2x1 2 --c2x1 2 --p2x1 0.668 --s3 3 --n3 4 --n3x0 0 --c3x0 2 --p3x0 0.128 --n3x1 0 --c3x1 4 --p3x1 1 --w3x1 11.23 --n3x2 1 --c3x2 5 --p3x2 0.909 --n3x3 0 --c3x3 4 --p3x3 5 --w3x3 1.02 ,49.501,1.1920899999999998e+34,48.077,1.1578099999999999e+34,45.0,52.0,52.0,50.0,47.0,51.0,53.0,47.0,43.0,44.0,48.5
--nstates 4 --s0 3 --n0 1 --n0x0 0 --c0x0 4 --p0x0 5 --w0x0 3.5 --s1 0 --rwm1 1 --n1 2 --n1x0 1 --c1x0 0 --p1x0 0.032 --n1x1 0 --c1x1 2 --p1x1 0.575 --s2 2 --n2 2 --n2x0 0 --c2x0 2 --p2x0 0.62 --n2x1 2 --c2x1 2 --p2x1 0.06 --s3 3 --n3 4 --n3x0 0 --c3x0 2 --p3x0 0.54 --n3x1 0 --c3x1 4 --p3x1 5 --w3x1 11.23 --n3x2 1 --c3x2 5 --p3x2 0.794 --n3x3 0 --c3x3 4 --p3x3 7 --w3x3 1.02 ,30.552,34764300.0,42.308,48141200.0,31.0,36.0,31.0,36.0,37.0,34.0,36.0,42.0,40.0,32.0,36.0
--nstates 4 --s0 3 --n0 1 --n0x0 0 --c0x0 4 --p0x0 4 --w0x0 3.5 --s1 0 --rwm1 1 --n1 2 --n1x0 1 --c1x0 0 --p1x0 0.43 --n1x1 0 --c1x1 2 --p1x1 0.029 --s2 2 --n2 2 --n2x0 0 --c2x0 2 --p2x0 0.114 --n2x1 2 --c2x1 2 --p2x1 0.575 --s3 3 --n3 4 --n3x0 0 --c3x0 2 --p3x0 0.882 --n3x1 0 --c3x1 4 --p3x1 2 --w3x1 11.23 --n3x2 1 --c3x2 5 --p3x2 0.402 --n3x3 0 --c3x3 4 --p3x3 1 --w3x3 1.02 ,47.584,0.009,46.204,0.009,43.0,43.0,42.0,46.0,46.0,44.0,40.0,50.0,51.0,45.0,44.5
--nstates 4 --s0 3 --n0 1 --n0x0 0 --c0x0 4 --p0x0 1 --w0x0 3.5 --s1 0 --rwm1 1 --n1 2 --n1x0 1 --c1x0 0 --p1x0 0.984 --n1x1 0 --c1x1 2 --p1x1 0.696 --s2 2 --n2 2 --n2x0 0 --c2x0 2 --p2x0 0.08 --n2x1 2 --c2x1 2 --p2x1 0.677 --s3 3 --n3 4 --n3x0 0 --c3x0 2 --p3x0 0.3 --n3x1 0 --c3x1 4 --p3x1 3 --w3x1 11.23 --n3x2 1 --c3x2 5 --p3x2 0.815 --n3x3 0 --c3x3 4 --p3x3 6 --w3x3 1.02 ,52.105,99233200000.0,51.78,98613300000.0,42.0,52.0,51.0,46.0,45.0,57.0,52.0,57.0,51.0,52.0,51.5
--nstates 4 --s0 3 --n0 1 --n0x0 0 --c0x0 4 --p0x0 10 --w0x0 3.5 --s1 0 --rwm1 1 --n1 2 --n1x0 1 --c1x0 0 --p1x0 0.792 --n1x1 0 --c1x1 2 --p1x1 0.473 --s2 2 --n2 2 --n2x0 0 --c2x0 2 --p2x0 0.673 --n2x1 2 --c2x1 2 --p2x1 0.678 --s3 3 --n3 4 --n3x0 0 --c3x0 2 --p3x0 0.576 --n3x1 0 --c3x1 4 --p3x1 7 --w3x1 11.23 --n3x2 1 --c3x2 5 --p3x2 0.489 --n3x3 0 --c3x3 4 --p3x3 3 --w3x3 1.02 ,50.276,54732.5,48.976,53317.3,43.0,47.0,40.0,45.0,49.0,45.0,46.0,44.0,56.0,50.0,45.5
--nstates 4 --s0 3 --n0 1 --n0x0 0 --c0x0 4 --p0x0 8 --w0x0 3.5 --s1 0 --rwm1 1 --n1 2 --n1x0 1 --c1x0 0 --p1x0 0.729 --n1x1 0 --c1x1 2 --p1x1 0.904 --s2 2 --n2 2 --n2x0 0 --c2x0 2 --p2x0 0.332 --n2x1 2 --c2x1 2 --p2x1 0.634 --s3 3 --n3 4 --n3x0 0 --c3x0 2 --p3x0 0.73 --n3x1 0 --c3x1 4 --p3x1 6 --w3x1 11.23 --n3x2 1 --c3x2 5 --p3x2 0.705 --n3x3 0 --c3x3 4 --p3x3 1 --w3x3 1.02 ,50.129,4.96756e+34,48.686,4.82449e+34,51.0,46.0,47.0,56.0,48.0,49.0,49.0,56.0,53.0,44.0,49.0
--nstates 4 --s0 3 --n0 1 --n0x0 0 --c0x0 4 --p0x0 1 --w0x0 3.5 --s1 0 --rwm1 1 --n1 2 --n1x0 1 --c1x0 0 --p1x0 0.97 --n1x1 0 --c1x1 2 --p1x1 0.083 --s2 2 --n2 2 --n2x0 0 --c2x0 2 --p2x0 0.266 --n2x1 2 --c2x1 2 --p2x1 0.775 --s3 3 --n3 4 --n3x0 0 --c3x0 2 --p3x0 0.807 --n3x1 0 --c3x1 4 --p3x1 6 --w3x1 11.23 --n3x2 1 --c3x2 5 --p3x2 0.749 --n3x3 0 --c3x3 4 --p3x3 8 --w3x3 1.02 ,47.401,0.043,46.026,0.041,37.0,41.0,49.0,38.0,48.0,55.0,40.0,47.0,45.0,49.0,46.0
--nstates 4 --s0 3 --n0 1 --n0x0 0 --c0x0 4 --p0x0 7 --w0x0 3.5 --s1 0 --rwm1 1 --n1 2 --n1x0 1 --c1x0 0 --p1x0 0.385 --n1x1 0 --c1x1 2 --p1x1 0.016 --s2 2 --n2 2 --n2x0 0 --c2x0 2 --p2x0 0.346 --n2x1 2 --c2x1 2 --p2x1 0.911 --s3 3 --n3 4 --n3x0 0 --c3x0 2 --p3x0 0.737 --n3x1 0 --c3x1 4 --p3x1 8 --w3x1 11.23 --n3x2 1 --c3x2 5 --p3x2 0.8 --n3x3 0 --c3x3 4 --p3x3 3 --w3x3 1.02 ,47.534,0.008,46.155,0.008,40.0,35.0,41.0,43.0,49.0,41.0,39.0,36.0,35.0,40.0,40.0
--nstates 4 --s0 3 --n0 1 --n0x0 0 --c0x0 4 --p0x0 1 --w0x0 3.5 --s1 0 --rwm1 1 --n1 2 --n1x0 1 --c1x0 0 --p1x0 0.612 --n1x1 0 --c1x1 2 --p1x1 0.248 --s2 2 --n2 2 --n2x0 0 --c2x0 2 --p2x0 0.762 --n2x1 2 --c2x1 2 --p2x1 0.584 --s3 3 --n3 4 --n3x0 0 --c3x0 2 --p3x0 0.814 --n3x1 0 --c3x1 4 --p3x1 1 --w3x1 11.23 --n3x2 1 --c3x2 5 --p3x2 0.006 --n3x3 0 --c3x3 4 --p3x3 9 --w3x3 1.02 ,47.414,0.05,46.05,0.049,47.0,54.0,51.0,39.0,44.0,51.0,50.0,48.0,53.0,45.0,49.0
--nstates 4 --s0 3 --n0 1 --n0x0 0 --c0x0 4 --p0x0 10 --w0x0 3.5 --s1 0 --rwm1 1 --n1 2 --n1x0 1 --c1x0 0 --p1x0 0.512 --n1x1 0 --c1x1 2 --p1x1 0.125 --s2 2 --n2 2 --n2x0 0 --c2x0 2 --p2x0 0.043 --n2x1 2 --c2x1 2 --p2x1 0.225 --s3 3 --n3 4 --n3x0 0 --c3x0 2 --p3x0 0.312 --n3x1 0 --c3x1 4 --p3x1 10 --w3x1 11.23 --n3x2 1 --c3x2 5 --p3x2 0.097 --n3x3 0 --c3x3 4 --p3x3 6 --w3x3 1.02 ,47.698,0.018,46.322,0.018,49.0,42.0,53.0,42.0,41.0,47.0,44.0,47.0,39.0,52.0,45.5
--nstates 4 --s0 3 --n0 1 --n0x0 0 --c0x0 4 --p0x0 3 --w0x0 3.5 --s1 0 --rwm1 1 --n1 2 --n1x0 1 --c1x0 0 --p1x0 0.331 --n1x1 0 --c1x1 2 --p1x1 0.844 --s2 2 --n2 2 --n2x0 0 --c2x0 2 --p2x0 0.337 --n2x1 2 --c2x1 2 --p2x1 0.033 --s3 3 --n3 4 --n3x0 0 --c3x0 2 --p3x0 0.951 --n3x1 0 --c3x1 4 --p3x1 9 --w3x1 11.23 --n3x2 1 --c3x2 5 --p3x2 0.604 --n3x3 0 --c3x3 4 --p3x3 6 --w3x3 1.02 ,45.338,3.49469e+27,44.047,3.39521e+27,52.0,52.0,49.0,49.0,53.0,45.0,48.0,42.0,49.0,45.0,49.0
--nstates 4 --s0 3 --n0 1 --n0x0 0 --c0x0 4 --p0x0 10 --w0x0 3.5 --s1 0 --rwm1 1 --n1 2 --n1x0 1 --c1x0 0 --p1x0 0.669 --n1x1 0 --c1x1 2 --p1x1 0.039 --s2 2 --n2 2 --n2x0 0 --c2x0 2 --p2x0 0.169 --n2x1 2 --c2x1 2 --p2x1 0.011 --s3 3 --n3 4 --n3x0 0 --c3x0 2 --p3x0 0.906 --n3x1 0 --c3x1 4 --p3x1 4 --w3x1 11.23 --n3x2 1 --c3x2 5 --p3x2 0.032 --n3x3 0 --c3x3 4 --p3x3 1 --w3x3 1.02 ,47.383,0.0,46.009,0.0,47.0,47.0,35.0,47.0,51.0,43.0,41.0,41.0,42.0,41.0,42.5
--nstates 4 --s0 3 --n0 1 --n0x0 0 --c0x0 4 --p0x0 3 --w0x0 3.5 --s1 0 --rwm1 1 --n1 2 --n1x0 1 --c1x0 0 --p1x0 0.225 --n1x1 0 --c1x1 2 --p1x1 0.723 --s2 2 --n2 2 --n2x0 0 --c2x0 2 --p2x0 0.455 --n2x1 2 --c2x1 2 --p2x1 0.215 --s3 3 --n3 4 --n3x0 0 --c3x0 2 --p3x0 0.403 --n3x1 0 --c3x1 4 --p3x1 5 --w3x1 11.23 --n3x2 1 --c3x2 5 --p3x2 0.324 --n3x3 0 --c3x3 4 --p3x3 8 --w3x3 1.02 ,45.702,1.79978e+21,44.4,1.74849e+21,49.0,37.0,46.0,55.0,44.0,53.0,46.0,48.0,54.0,43.0,47.0
--nstates 4 --s0 3 --n0 1 --n0x0 0 --c0x0 4 --p0x0 7 --w0x0 3.5 --s1 0 --rwm1 1 --n1 2 --n1x0 1 --c1x0 0 --p1x0 0.18 --n1x1 0 --c1x1 2 --p1x1 0.191 --s2 2 --n2 2 --n2x0 0 --c2x0 2 --p2x0 0.3 --n2x1 2 --c2x1 2 --p2x1 0.291 --s3 3 --n3 4 --n3x0 0 --c3x0 2 --p3x0 0.566 --n3x1 0 --c3x1 4 --p3x1 6 --w3x1 11.23 --n3x2 1 --c3x2 5 --p3x2 0.594 --n3x3 0 --c3x3 4 --p3x3 5 --w3x3 1.02 ,47.285,0.014,46.272,0.014,43.0,47.0,48.0,43.0,48.0,41.0,45.0,54.0,48.0,43.0,46.0
--nstates 4 --s0 3 --n0 1 --n0x0 0 --c0x0 4 --p0x0 9 --w0x0 3.5 --s1 0 --rwm1 1 --n1 2 --n1x0 1 --c1x0 0 --p1x0 0.843 --n1x1 0 --c1x1 2 --p1x1 0.237 --s2 2 --n2 2 --n2x0 0 --c2x0 2 --p2x0 0.505 --n2x1 2 --c2x1 2 --p2x1 0.129 --s3 3 --n3 4 --n3x0 0 --c3x0 2 --p3x0 0.505 --n3x1 0 --c3x1 4 --p3x1 4 --w3x1 11.23 --n3x2 1 --c3x2 5 --p3x2 0.71 --n3x3 0 --c3x3 4 --p3x3 10 --w3x3 1.02 ,46.629,0.041,46.533,0.041,50.0,36.0,44.0,53.0,43.0,46.0,39.0,40.0,46.0,42.0,43.5
--nstates 4 --s0 3 --n0 1 --n0x0 0 --c0x0 4 --p0x0 9 --w0x0 3.5 --s1 0 --rwm1 1 --n1 2 --n1x0 1 --c1x0 0 --p1x0 0.901 --n1x1 0 --c1x1 2 --p1x1 0.355 --s2 2 --n2 2 --n2x0 0 --c2x0 2 --p2x0 0.098 --n2x1 2 --c2x1 2 --p2x1 0.375 --s3 3 --n3 4 --n3x0 0 --c3x0 2 --p3x0 0.16 --n3x1 0 --c3x1 4 --p3x1 1 --w3x1 11.23 --n3x2 1 --c3x2 5 --p3x2 0.083 --n3x3 0 --c3x3 4 --p3x3 2 --w3x3 1.02 ,43.466,0.396,47.397,0.431,58.0,47.0,48.0,53.0,52.0,48.0,44.0,48.0,57.0,52.0,50.0
--nstates 4 --s0 3 --n0 1 --n0x0 0 --c0x0 4 --p0x0 8 --w0x0 3.5 --s1 0 --rwm1 1 --n1 2 --n1x0 1 --c1x0 0 --p1x0 0.523 --n1x1 0 --c1x1 2 --p1x1 0.836 --s2 2 --n2 2 --n2x0 0 --c2x0 2 --p2x0 0.336 --n2x1 2 --c2x1 2 --p2x1 0.189 --s3 3 --n3 4 --n3x0 0 --c3x0 2 --p3x0 0.427 --n3x1 0 --c3x1 4 --p3x1 10 --w3x1 11.23 --n3x2 1 --c3x2 5 --p3x2 0.418 --n3x3 0 --c3x3 4 --p3x3 1 --w3x3 1.02 ,45.808,1.1061499999999999e+29,44.503,1.07462e+29,49.0,48.0,47.0,45.0,52.0,49.0,38.0,53.0,61.0,33.0,48.5
--nstates 4 --s0 3 --n0 1 --n0x0 0 --c0x0 4 --p0x0 2 --w0x0 3.5 --s1 0 --rwm1 1 --n1 2 --n1x0 1 --c1x0 0 --p1x0 0.523 --n1x1 0 --c1x1 2 --p1x1 0.308 --s2 2 --n2 2 --n2x0 0 --c2x0 2 --p2x0 0.981 --n2x1 2 --c2x1 2 --p2x1 0.141 --s3 3 --n3 4 --n3x0 0 --c3x0 2 --p3x0 0.362 --n3x1 0 --c3x1 4 --p3x1 7 --w3x1 11.23 --n3x2 1 --c3x2 5 --p3x2 0.19 --n3x3 0 --c3x3 4 --p3x3 2 --w3x3 1.02 ,42.01,0.035,46.364,0.039,46.0,46.0,50.0,45.0,52.0,51.0,46.0,47.0,52.0,47.0,47.0
--nstates 4 --s0 3 --n0 1 --n0x0 0 --c0x0 4 --p0x0 1 --w0x0 3.5 --s1 0 --rwm1 1 --n1 2 --n1x0 1 --c1x0 0 --p1x0 0.278 --n1x1 0 --c1x1 2 --p1x1 0.161 --s2 2 --n2 2 --n2x0 0 --c2x0 2 --p2x0 0.623 --n2x1 2 --c2x1 2 --p2x1 0.856 --s3 3 --n3 4 --n3x0 0 --c3x0 2 --p3x0 0.536 --n3x1 0 --c3x1 4 --p3x1 8 --w3x1 11.23 --n3x2 1 --c3x2 5 --p3x2 0.077 --n3x3 0 --c3x3 4 --p3x3 5 --w3x3 1.02 ,47.389,0.023,46.014,0.023,43.0,43.0,42.0,38.0,50.0,48.0,44.0,45.0,47.0,52.0,44.5
--nstates 4 --s0 3 --n0 1 --n0x0 0 --c0x0 4 --p0x0 2 --w0x0 3.5 --s1 0 --rwm1 1 --n1 2 --n1x0 1 --c1x0 0 --p1x0 0.591 --n1x1 0 --c1x1 2 --p1x1 0.848 --s2 2 --n2 2 --n2x0 0 --c2x0 2 --p2x0 0.38 --n2x1 2 --c2x1 2 --p2x1 0.827 --s3 3 --n3 4 --n3x0 0 --c3x0 2 --p3x0 0.558 --n3x1 0 --c3x1 4 --p3x1 9 --w3x1 11.23 --n3x2 1 --c3x2 5 --p3x2 0.34 --n3x3 0 --c3x3 4 --p3x3 10 --w3x3 1.02 ,53.26,8.27064e+30,51.716,8.03086e+30,44.0,49.0,56.0,55.0,49.0,44.0,51.0,50.0,47.0,49.0,49.0
--nstates 4 --s0 3 --n0 1 --n0x0 0 --c0x0 4 --p0x0 10 --w0x0 3.5 --s1 0 --rwm1 1 --n1 2 --n1x0 1 --c1x0 0 --p1x0 0.32 --n1x1 0 --c1x1 2 --p1x1 0.374 --s2 2 --n2 2 --n2x0 0 --c2x0 2 --p2x0 0.294 --n2x1 2 --c2x1 2 --p2x1 0.136 --s3 3 --n3 4 --n3x0 0 --c3x0 2 --p3x0 0.32 --n3x1 0 --c3x1 4 --p3x1 4 --w3x1 11.23 --n3x2 1 --c3x2 5 --p3x2 0.861 --n3x3 0 --c3x3 4 --p3x3 10 --w3x3 1.02 ,34.054,0.159,47.353,0.22,51.0,55.0,47.0,46.0,47.0,43.0,42.0,42.0,51.0,42.0,46.5
--nstates 4 --s0 3 --n0 1 --n0x0 0 --c0x0 4 --p0x0 3 --w0x0 3.5 --s1 0 --rwm1 1 --n1 2 --n1x0 1 --c1x0 0 --p1x0 0.436 --n1x1 0 --c1x1 2 --p1x1 0.246 --s2 2 --n2 2 --n2x0 0 --c2x0 2 --p2x0 0.102 --n2x1 2 --c2x1 2 --p2x1 0.768 --s3 3 --n3 4 --n3x0 0 --c3x0 2 --p3x0 0.861 --n3x1 0 --c3x1 4 --p3x1 10 --w3x1 11.23 --n3x2 1 --c3x2 5 --p3x2 0.964 --n3x3 0 --c3x3 4 --p3x3 2 --w3x3 1.02 ,48.635,0.174,47.559,0.17,43.0,43.0,46.0,50.0,53.0,42.0,48.0,50.0,57.0,41.0,47.0
--nstates 4 --s0 3 --n0 1 --n0x0 0 --c0x0 4 --p0x0 4 --w0x0 3.5 --s1 0 --rwm1 1 --n1 2 --n1x0 1 --c1x0 0 --p1x0 0.774 --n1x1 0 --c1x1 2 --p1x1 0.494 --s2 2 --n2 2 --n2x0 0 --c2x0 2 --p2x0 0.476 --n2x1 2 --c2x1 2 --p2x1 0.122 --s3 3 --n3 4 --n3x0 0 --c3x0 2 --p3x0 0.693 --n3x1 0 --c3x1 4 --p3x1 4 --w3x1 11.23 --n3x2 1 --c3x2 5 --p3x2 0.561 --n3x3 0 --c3x3 4 --p3x3 7 --w3x3 1.02 ,44.601,58387.6,44.617,58408.7,53.0,50.0,51.0,45.0,53.0,49.0,50.0,54.0,46.0,52.0,50.5
--nstates 4 --s0 3 --n0 1 --n0x0 0 --c0x0 4 --p0x0 10 --w0x0 3.5 --s1 0 --rwm1 1 --n1 2 --n1x0 1 --c1x0 0 --p1x0 0.478 --n1x1 0 --c1x1 2 --p1x1 0.062 --s2 2 --n2 2 --n2x0 0 --c2x0 2 --p2x0 0.646 --n2x1 2 --c2x1 2 --p2x1 0.515 --s3 3 --n3 4 --n3x0 0 --c3x0 2 --p3x0 0.85 --n3x1 0 --c3x1 4 --p3x1 10 --w3x1 11.23 --n3x2 1 --c3x2 5 --p3x2 0.953 --n3x3 0 --c3x3 4 --p3x3 3 --w3x3 1.02 ,47.805,0.023,46.419,0.023,46.0,48.0,48.0,47.0,45.0,40.0,39.0,47.0,48.0,38.0,46.5
--nstates 4 --s0 3 --n0 1 --n0x0 0 --c0x0 4 --p0x0 1 --w0x0 3.5 --s1 0 --rwm1 1 --n1 2 --n1x0 1 --c1x0 0 --p1x0 0.387 --n1x1 0 --c1x1 2 --p1x1 0.335 --s2 2 --n2 2 --n2x0 0 --c2x0 2 --p2x0 0.22 --n2x1 2 --c2x1 2 --p2x1 0.762 --s3 3 --n3 4 --n3x0 0 --c3x0 2 --p3x0 0.439 --n3x1 0 --c3x1 4 --p3x1 10 --w3x1 11.23 --n3x2 1 --c3x2 5 --p3x2 0.215 --n3x3 0 --c3x3 4 --p3x3 7 --w3x3 1.02 ,47.363,0.061,46.127,0.059,49.0,47.0,46.0,41.0,46.0,55.0,48.0,48.0,40.0,55.0,47.5
--nstates 4 --s0 3 --n0 1 --n0x0 0 --c0x0 4 --p0x0 7 --w0x0 3.5 --s1 0 --rwm1 1 --n1 2 --n1x0 1 --c1x0 0 --p1x0 0.845 --n1x1 0 --c1x1 2 --p1x1 0.191 --s2 2 --n2 2 --n2x0 0 --c2x0 2 --p2x0 0.538 --n2x1 2 --c2x1 2 --p2x1 0.718 --s3 3 --n3 4 --n3x0 0 --c3x0 2 --p3x0 0.865 --n3x1 0 --c3x1 4 --p3x1 7 --w3x1 11.23 --n3x2 1 --c3x2 5 --p3x2 0.868 --n3x3 0 --c3x3 4 --p3x3 4 --w3x3 1.02 ,49.496,0.284,48.089,0.276,42.0,46.0,41.0,49.0,48.0,47.0,40.0,43.0,39.0,42.0,42.5
--nstates 4 --s0 3 --n0 1 --n0x0 0 --c0x0 4 --p0x0 3 --w0x0 3.5 --s1 0 --rwm1 1 --n1 2 --n1x0 1 --c1x0 0 --p1x0 0.398 --n1x1 0 --c1x1 2 --p1x1 0.265 --s2 2 --n2 2 --n2x0 0 --c2x0 2 --p2x0 0.871 --n2x1 2 --c2x1 2 --p2x1 0.696 --s3 3 --n3 4 --n3x0 0 --c3x0 2 --p3x0 0.816 --n3x1 0 --c3x1 4 --p3x1 2 --w3x1 11.23 --n3x2 1 --c3x2 5 --p3x2 0.838 --n3x3 0 --c3x3 4 --p3x3 7 --w3x3 1.02 ,48.141,0.169,47.396,0.167,48.0,43.0,47.0,51.0,38.0,47.0,46.0,40.0,44.0,39.0,45.0
--nstates 4 --s0 3 --n0 1 --n0x0 0 --c0x0 4 --p0x0 5 --w0x0 3.5 --s1 0 --rwm1 1 --n1 2 --n1x0 1 --c1x0 0 --p1x0 0.138 --n1x1 0 --c1x1 2 --p1x1 0.901 --s2 2 --n2 2 --n2x0 0 --c2x0 2 --p2x0 0.264 --n2x1 2 --c2x1 2 --p2x1 0.85 --s3 3 --n3 4 --n3x0 0 --c3x0 2 --p3x0 0.064 --n3x1 0 --c3x1 4 --p3x1 7 --w3x1 11.23 --n3x2 1 --c3x2 5 --p3x2 0.101 --n3x3 0 --c3x3 4 --p3x3 1 --w3x3 1.02 ,46.92,1.10387e+32,45.579,1.07231e+32,50.0,50.0,42.0,40.0,44.0,39.0,49.0,50.0,42.0,45.0,44.5
--nstates 4 --s0 3 --n0 1 --n0x0 0 --c0x0 4 --p0x0 8 --w0x0 3.5 --s1 0 --rwm1 1 --n1 2 --n1x0 1 --c1x0 0 --p1x0 0.629 --n1x1 0 --c1x1 2 --p1x1 0.331 --s2 2 --n2 2 --n2x0 0 --c2x0 2 --p2x0 0.099 --n2x1 2 --c2x1 2 --p2x1 0.935 --s3 3 --n3 4 --n3x0 0 --c3x0 2 --p3x0 0.43 --n3x1 0 --c3x1 4 --p3x1 3 --w3x1 11.23 --n3x2 1 --c3x2 5 --p3x2 0.181 --n3x3 0 --c3x3 4 --p3x3 4 --w3x3 1.02 ,48.579,0.95,48.231,0.943,46.0,52.0,45.0,51.0,54.0,45.0,44.0,49.0,47.0,48.0,47.5
--nstates 4 --s0 3 --n0 1 --n0x0 0 --c0x0 4 --p0x0 9 --w0x0 3.5 --s1 0 --rwm1 1 --n1 2 --n1x0 1 --c1x0 0 --p1x0 0.363 --n1x1 0 --c1x1 2 --p1x1 0.723 --s2 2 --n2 2 --n2x0 0 --c2x0 2 --p2x0 0.177 --n2x1 2 --c2x1 2 --p2x1 0.399 --s3 3 --n3 4 --n3x0 0 --c3x0 2 --p3x0 0.286 --n3x1 0 --c3x1 4 --p3x1 5 --w3x1 11.23 --n3x2 1 --c3x2 5 --p3x2 0.035 --n3x3 0 --c3x3 4 --p3x3 8 --w3x3 1.02 ,46.833,3.34011e+22,45.495,3.24466e+22,46.0,45.0,46.0,53.0,44.0,43.0,46.0,54.0,52.0,47.0,46.0
--nstates 4 --s0 3 --n0 1 --n0x0 0 --c0x0 4 --p0x0 9 --w0x0 3.5 --s1 0 --rwm1 1 --n1 2 --n1x0 1 --c1x0 0 --p1x0 0.137 --n1x1 0 --c1x1 2 --p1x1 0.145 --s2 2 --n2 2 --n2x0 0 --c2x0 2 --p2x0 0.069 --n2x1 2 --c2x1 2 --p2x1 0.667 --s3 3 --n3 4 --n3x0 0 --c3x0 2 --p3x0 0.371 --n3x1 0 --c3x1 4 --p3x1 2 --w3x1 11.23 --n3x2 1 --c3x2 5 --p3x2 0.059 --n3x3 0 --c3x3 4 --p3x3 7 --w3x3 1.02 ,47.664,0.017,46.306,0.017,42.0,41.0,50.0,45.0,48.0,43.0,44.0,43.0,46.0,39.0,43.5
--nstates 4 --s0 3 --n0 1 --n0x0 0 --c0x0 4 --p0x0 10 --w0x0 3.5 --s1 0 --rwm1 1 --n1 2 --n1x0 1 --c1x0 0 --p1x0 0.734 --n1x1 0 --c1x1 2 --p1x1 0.972 --s2 2 --n2 2 --n2x0 0 --c2x0 2 --p2x0 0.326 --n2x1 2 --c2x1 2 --p2x1 0.282 --s3 3 --n3 4 --n3x0 0 --c3x0 2 --p3x0 0.493 --n3x1 0 --c3x1 4 --p3x1 10 --w3x1 11.23 --n3x2 1 --c3x2 5 --p3x2 0.657 --n3x3 0 --c3x3 4 --p3x3 2 --w3x3 1.02 ,47.112,1.1934e+37,45.764,1.15927e+37,49.0,49.0,48.0,48.0,49.0,50.0,47.0,55.0,53.0,51.0,49.0
--nstates 4 --s0 3 --n0 1 --n0x0 0 --c0x0 4 --p0x0 2 --w0x0 3.5 --s1 0 --rwm1 1 --n1 2 --n1x0 1 --c1x0 0 --p1x0 0.534 --n1x1 0 --c1x1 2 --p1x1 0.465 --s2 2 --n2 2 --n2x0 0 --c2x0 2 --p2x0 0.394 --n2x1 2 --c2x1 2 --p2x1 0.75 --s3 3 --n3 4 --n3x0 0 --c3x0 2 --p3x0 0.433 --n3x1 0 --c3x1 4 --p3x1 5 --w3x1 11.23 --n3x2 1 --c3x2 5 --p3x2 0.105 --n3x3 0 --c3x3 4 --p3x3 1 --w3x3 1.02 ,45.173,247.633,48.866,267.875,53.0,49.0,49.0,51.0,48.0,55.0,56.0,53.0,56.0,50.0,52.0
--nstates 4 --s0 3 --n0 1 --n0x0 0 --c0x0 4 --p0x0 2 --w0x0 3.5 --s1 0 --rwm1 1 --n1 2 --n1x0 1 --c1x0 0 --p1x0 0.884 --n1x1 0 --c1x1 2 --p1x1 0.062 --s2 2 --n2 2 --n2x0 0 --c2x0 2 --p2x0 0.367 --n2x1 2 --c2x1 2 --p2x1 0.868 --s3 3 --n3 4 --n3x0 0 --c3x0 2 --p3x0 0.878 --n3x1 0 --c3x1 4 --p3x1 3 --w3x1 11.23 --n3x2 1 --c3x2 5 --p3x2 0.651 --n3x3 0 --c3x3 4 --p3x3 4 --w3x3 1.02 ,48.006,0.076,46.614,0.074,47.0,36.0,39.0,45.0,51.0,39.0,39.0,43.0,52.0,46.0,44.0
--nstates 4 --s0 3 --n0 1 --n0x0 0 --c0x0 4 --p0x0 7 --w0x0 3.5 --s1 0 --rwm1 1 --n1 2 --n1x0 1 --c1x0 0 --p1x0 0.698 --n1x1 0 --c1x1 2 --p1x1 0.66 --s2 2 --n2 2 --n2x0 0 --c2x0 2 --p2x0 0.068 --n2x1 2 --c2x1 2 --p2x1 0.86 --s3 3 --n3 4 --n3x0 0 --c3x0 2 --p3x0 0.478 --n3x1 0 --c3x1 4 --p3x1 4 --w3x1 11.23 --n3x2 1 --c3x2 5 --p3x2 0.236 --n3x3 0 --c3x3 4 --p3x3 6 --w3x3 1.02 ,51.136,1.97181e+20,49.66,1.91491e+20,43.0,49.0,46.0,50.0,48.0,46.0,48.0,47.0,56.0,52.0,48.0
--nstates 4 --s0 3 --n0 1 --n0x0 0 --c0x0 4 --p0x0 4 --w0x0 3.5 --s1 0 --rwm1 1 --n1 2 --n1x0 1 --c1x0 0 --p1x0 0.914 --n1x1 0 --c1x1 2 --p1x1 0.718 --s2 2 --n2 2 --n2x0 0 --c2x0 2 --p2x0 0.359 --n2x1 2 --c2x1 2 --p2x1 0.631 --s3 3 --n3 4 --n3x0 0 --c3x0 2 --p3x0 0.731 --n3x1 0 --c3x1 4 --p3x1 10 --w3x1 11.23 --n3x2 1 --c3x2 5 --p3x2 0.354 --n3x3 0 --c3x3 4 --p3x3 4 --w3x3 1.02 ,50.865,2.31275e+24,49.398,2.24604e+24,54.0,43.0,53.0,48.0,43.0,50.0,49.0,46.0,53.0,37.0,48.5
--nstates 4 --s0 3 --n0 1 --n0x0 0 --c0x0 4 --p0x0 1 --w0x0 3.5 --s1 0 --rwm1 1 --n1 2 --n1x0 1 --c1x0 0 --p1x0 0.567 --n1x1 0 --c1x1 2 --p1x1 0.973 --s2 2 --n2 2 --n2x0 0 --c2x0 2 --p2x0 0.161 --n2x1 2 --c2x1 2 --p2x1 0.591 --s3 3 --n3 4 --n3x0 0 --c3x0 2 --p3x0 0.372 --n3x1 0 --c3x1 4 --p3x1 6 --w3x1 11.23 --n3x2 1 --c3x2 5 --p3x2 0.297 --n3x3 0 --c3x3 4 --p3x3 3 --w3x3 1.02 ,53.553,4.54719e+25,52.0,4.41528e+25,50.0,54.0,44.0,50.0,43.0,56.0,44.0,60.0,50.0,47.0,50.0
--nstates 4 --s0 3 --n0 1 --n0x0 0 --c0x0 4 --p0x0 4 --w0x0 3.5 --s1 0 --rwm1 1 --n1 2 --n1x0 1 --c1x0 0 --p1x0 0.693 --n1x1 0 --c1x1 2 --p1x1 0.484 --s2 2 --n2 2 --n2x0 0 --c2x0 2 --p2x0 0.526 --n2x1 2 --c2x1 2 --p2x1 0.569 --s3 3 --n3 4 --n3x0 0 --c3x0 2 --p3x0 0.778 --n3x1 0 --c3x1 4 --p3x1 6 --w3x1 11.23 --n3x2 1 --c3x2 5 --p3x2 0.785 --n3x3 0 --c3x3 4 --p3x3 5 --w3x3 1.02 ,49.895,258420.0,48.557,251490.0,47.0,47.0,53.0,48.0,48.0,52.0,47.0,57.0,45.0,44.0,47.5
--nstates 4 --s0 3 --n0 1 --n0x0 0 --c0x0 4 --p0x0 5 --w0x0 3.5 --s1 0 --rwm1 1 --n1 2 --n1x0 1 --c1x0 0 --p1x0 0.583 --n1x1 0 --c1x1 2 --p1x1 0.667 --s2 2 --n2 2 --n2x0 0 --c2x0 2 --p2x0 0.403 --n2x1 2 --c2x1 2 --p2x1 0.777 --s3 3 --n3 4 --n3x0 0 --c3x0 2 --p3x0 0.542 --n3x1 0 --c3x1 4 --p3x1 3 --w3x1 11.23 --n3x2 1 --c3x2 5 --p3x2 0.107 --n3x3 0 --c3x3 4 --p3x3 1 --w3x3 1.02 ,49.892,1.63842e+20,48.456,1.59126e+20,50.0,43.0,50.0,48.0,46.0,49.0,59.0,45.0,48.0,53.0,48.5
--nstates 4 --s0 3 --n0 1 --n0x0 0 --c0x0 4 --p0x0 3 --w0x0 3.5 --s1 0 --rwm1 1 --n1 2 --n1x0 1 --c1x0 0 --p1x0 0.924 --n1x1 0 --c1x1 2 --p1x1 0.766 --s2 2 --n2 2 --n2x0 0 --c2x0 2 --p2x0 0.212 --n2x1 2 --c2x1 2 --p2x1 0.991 --s3 3 --n3 4 --n3x0 0 --c3x0 2 --p3x0 0.936 --n3x1 0 --c3x1 4 --p3x1 7 --w3x1 11.23 --n3x2 1 --c3x2 5 --p3x2 0.029 --n3x3 0 --c3x3 4 --p3x3 4 --w3x3 1.02 ,52.557,1.6249e+28,51.036,1.5778599999999998e+28,46.0,47.0,49.0,46.0,51.0,51.0,46.0,42.0,51.0,51.0,48.0
--nstates 4 --s0 3 --n0 1 --n0x0 0 --c0x0 4 --p0x0 3 --w0x0 3.5 --s1 0 --rwm1 1 --n1 2 --n1x0 1 --c1x0 0 --p1x0 0.768 --n1x1 0 --c1x1 2 --p1x1 0.715 --s2 2 --n2 2 --n2x0 0 --c2x0 2 --p2x0 0.441 --n2x1 2 --c2x1 2 --p2x1 0.687 --s3 3 --n3 4 --n3x0 0 --c3x0 2 --p3x0 0.415 --n3x1 0 --c3x1 4 --p3x1 3 --w3x1 11.23 --n3x2 1 --c3x2 5 --p3x2 0.088 --n3x3 0 --c3x3 4 --p3x3 5 --w3x3 1.02 ,50.581,6.24839e+23,49.122,6.06827e+23,51.0,51.0,51.0,50.0,44.0,49.0,44.0,44.0,51.0,47.0,49.5
--nstates 4 --s0 3 --n0 1 --n0x0 0 --c0x0 4 --p0x0 6 --w0x0 3.5 --s1 0 --rwm1 1 --n1 2 --n1x0 1 --c1x0 0 --p1x0 0.668 --n1x1 0 --c1x1 2 --p1x1 0.731 --s2 2 --n2 2 --n2x0 0 --c2x0 2 --p2x0 0.176 --n2x1 2 --c2x1 2 --p2x1 0.972 --s3 3 --n3 4 --n3x0 0 --c3x0 2 --p3x0 0.995 --n3x1 0 --c3x1 4 --p3x1 9 --w3x1 11.23 --n3x2 1 --c3x2 5 --p3x2 0.187 --n3x3 0 --c3x3 4 --p3x3 4 --w3x3 1.02 ,52.064,3.18351e+25,50.558,3.09146e+25,46.0,45.0,52.0,39.0,51.0,50.0,51.0,35.0,46.0,46.0,46.0
--nstates 4 --s0 3 --n0 1 --n0x0 0 --c0x0 4 --p0x0 3 --w0x0 3.5 --s1 0 --rwm1 1 --n1 2 --n1x0 1 --c1x0 0 --p1x0 0.696 --n1x1 0 --c1x1 2 --p1x1 0.4 --s2 2 --n2 2 --n2x0 0 --c2x0 2 --p2x0 0.064 --n2x1 2 --c2x1 2 --p2x1 0.847 --s3 3 --n3 4 --n3x0 0 --c3x0 2 --p3x0 0.596 --n3x1 0 --c3x1 4 --p3x1 6 --w3x1 11.23 --n3x2 1 --c3x2 5 --p3x2 0.465 --n3x3 0 --c3x3 4 --p3x3 1 --w3x3 1.02 ,48.486,6.541,48.535,6.547,46.0,50.0,48.0,43.0,51.0,49.0,43.0,49.0,54.0,50.0,49.0
--nstates 4 --s0 3 --n0 1 --n0x0 0 --c0x0 4 --p0x0 2 --w0x0 3.5 --s1 0 --rwm1 1 --n1 2 --n1x0 1 --c1x0 0 --p1x0 0.802 --n1x1 0 --c1x1 2 --p1x1 0.755 --s2 2 --n2 2 --n2x0 0 --c2x0 2 --p2x0 0.592 --n2x1 2 --c2x1 2 --p2x1 0.798 --s3 3 --n3 4 --n3x0 0 --c3x0 2 --p3x0 0.574 --n3x1 0 --c3x1 4 --p3x1 4 --w3x1 11.23 --n3x2 1 --c3x2 5 --p3x2 0.369 --n3x3 0 --c3x3 4 --p3x3 2 --w3x3 1.02 ,53.263,6.23373e+25,51.719,6.05301e+25,49.0,55.0,50.0,55.0,55.0,49.0,44.0,51.0,57.0,52.0,51.5
--nstates 4 --s0 3 --n0 1 --n0x0 0 --c0x0 4 --p0x0 6 --w0x0 3.5 --s1 0 --rwm1 1 --n1 2 --n1x0 1 --c1x0 0 --p1x0 0.811 --n1x1 0 --c1x1 2 --p1x1 0.914 --s2 2 --n2 2 --n2x0 0 --c2x0 2 --p2x0 0.31 --n2x1 2 --c2x1 2 --p2x1 0.946 --s3 3 --n3 4 --n3x0 0 --c3x0 2 --p3x0 0.736 --n3x1 0 --c3x1 4 --p3x1 8 --w3x1 11.23 --n3x2 1 --c3x2 5 --p3x2 0.244 --n3x3 0 --c3x3 4 --p3x3 3 --w3x3 1.02 ,52.087,1.39764e+36,50.581,1.35722e+36,41.0,42.0,55.0,42.0,66.0,56.0,45.0,51.0,51.0,44.0,48.0
--nstates 4 --s0 3 --n0 1 --n0x0 0 --c0x0 4 --p0x0 2 --w0x0 3.5 --s1 0 --rwm1 1 --n1 2 --n1x0 1 --c1x0 0 --p1x0 0.241 --n1x1 0 --c1x1 2 --p1x1 0.779 --s2 2 --n2 2 --n2x0 0 --c2x0 2 --p2x0 0.142 --n2x1 2 --c2x1 2 --p2x1 0.89 --s3 3 --n3 4 --n3x0 0 --c3x0 2 --p3x0 0.901 --n3x1 0 --c3x1 4 --p3x1 8 --w3x1 11.23 --n3x2 1 --c3x2 5 --p3x2 0.591 --n3x3 0 --c3x3 4 --p3x3 6 --w3x3 1.02 ,53.036,4.99742e+25,51.5,4.8526e+25,53.0,49.0,43.0,53.0,49.0,48.0,47.0,44.0,51.0,45.0,48.5
--nstates 4 --s0 3 --n0 1 --n0x0 0 --c0x0 4 --p0x0 1 --w0x0 3.5 --s1 0 --rwm1 1 --n1 2 --n1x0 1 --c1x0 0 --p1x0 0.32 --n1x1 0 --c1x1 2 --p1x1 0.83 --s2 2 --n2 2 --n2x0 0 --c2x0 2 --p2x0 0.615 --n2x1 2 --c2x1 2 --p2x1 0.771 --s3 3 --n3 4 --n3x0 0 --c3x0 2 --p3x0 0.536 --n3x1 0 --c3x1 4 --p3x1 9 --w3x1 11.23 --n3x2 1 --c3x2 5 --p3x2 0.194 --n3x3 0 --c3x3 4 --p3x3 4 --w3x3 1.02 ,53.546,5.58989e+17,51.999,5.42835e+17,50.0,52.0,46.0,43.0,50.0,57.0,45.0,43.0,51.0,48.0,49.0
--nstates 4 --s0 3 --n0 1 --n0x0 0 --c0x0 4 --p0x0 5 --w0x0 3.5 --s1 0 --rwm1 1 --n1 2 --n1x0 1 --c1x0 0 --p1x0 0.302 --n1x1 0 --c1x1 2 --p1x1 0.533 --s2 2 --n2 2 --n2x0 0 --c2x0 2 --p2x0 0.139 --n2x1 2 --c2x1 2 --p2x1 0.385 --s3 3 --n3 4 --n3x0 0 --c3x0 2 --p3x0 0.758 --n3x1 0 --c3x1 4 --p3x1 8 --w3x1 11.23 --n3x2 1 --c3x2 5 --p3x2 0.707 --n3x3 0 --c3x3 4 --p3x3 8 --w3x3 1.02 ,46.872,137189000.0,45.58,133406000.0,43.0,48.0,45.0,51.0,45.0,49.0,45.0,49.0,43.0,39.0,45.0
--nstates 4 --s0 3 --n0 1 --n0x0 0 --c0x0 4 --p0x0 2 --w0x0 3.5 --s1 0 --rwm1 1 --n1 2 --n1x0 1 --c1x0 0 --p1x0 0.729 --n1x1 0 --c1x1 2 --p1x1 0.707 --s2 2 --n2 2 --n2x0 0 --c2x0 2 --p2x0 0.582 --n2x1 2 --c2x1 2 --p2x1 0.464 --s3 3 --n3 4 --n3x0 0 --c3x0 2 --p3x0 0.627 --n3x1 0 --c3x1 4 --p3x1 4 --w3x1 11.23 --n3x2 1 --c3x2 5 --p3x2 0.169 --n3x3 0 --c3x3 4 --p3x3 4 --w3x3 1.02 ,52.726,5.39137e+21,51.199,5.23524e+21,50.0,49.0,52.0,54.0,49.0,50.0,39.0,50.0,47.0,46.0,49.5
--nstates 4 --s0 3 --n0 1 --n0x0 0 --c0x0 4 --p0x0 2 --w0x0 3.5 --s1 0 --rwm1 1 --n1 2 --n1x0 1 --c1x0 0 --p1x0 0.496 --n1x1 0 --c1x1 2 --p1x1 0.896 --s2 2 --n2 2 --n2x0 0 --c2x0 2 --p2x0 0.738 --n2x1 2 --c2x1 2 --p2x1 0.756 --s3 3 --n3 4 --n3x0 0 --c3x0 2 --p3x0 0.778 --n3x1 0 --c3x1 4 --p3x1 1 --w3x1 11.23 --n3x2 1 --c3x2 5 --p3x2 0.801 --n3x3 0 --c3x3 4 --p3x3 1 --w3x3 1.02 ,52.985,7.89058e+32,51.449,7.66195e+32,56.0,44.0,56.0,47.0,52.0,53.0,39.0,46.0,53.0,47.0,49.5
--nstates 4 --s0 3 --n0 1 --n0x0 0 --c0x0 4 --p0x0 4 --w0x0 3.5 --s1 0 --rwm1 1 --n1 2 --n1x0 1 --c1x0 0 --p1x0 0.203 --n1x1 0 --c1x1 2 --p1x1 0.769 --s2 2 --n2 2 --n2x0 0 --c2x0 2 --p2x0 0.115 --n2x1 2 --c2x1 2 --p2x1 0.197 --s3 3 --n3 4 --n3x0 0 --c3x0 2 --p3x0 0.523 --n3x1 0 --c3x1 4 --p3x1 3 --w3x1 11.23 --n3x2 1 --c3x2 5 --p3x2 0.369 --n3x3 0 --c3x3 4 --p3x3 2 --w3x3 1.02 ,45.581,1.01222e+24,44.282,9.83386e+23,46.0,44.0,48.0,44.0,44.0,49.0,55.0,41.0,45.0,48.0,45.5
--nstates 4 --s0 3 --n0 1 --n0x0 0 --c0x0 4 --p0x0 8 --w0x0 3.5 --s1 0 --rwm1 1 --n1 2 --n1x0 1 --c1x0 0 --p1x0 0.721 --n1x1 0 --c1x1 2 --p1x1 0.9 --s2 2 --n2 2 --n2x0 0 --c2x0 2 --p2x0 0.108 --n2x1 2 --c2x1 2 --p2x1 0.876 --s3 3 --n3 4 --n3x0 0 --c3x0 2 --p3x0 0.488 --n3x1 0 --c3x1 4 --p3x1 8 --w3x1 11.23 --n3x2 1 --c3x2 5 --p3x2 0.236 --n3x3 0 --c3x3 4 --p3x3 5 --w3x3 1.02 ,51.479,9.60842e+34,49.992,9.33089e+34,43.0,54.0,55.0,44.0,51.0,58.0,51.0,54.0,53.0,47.0,52.0
--nstates 4 --s0 3 --n0 1 --n0x0 0 --c0x0 4 --p0x0 5 --w0x0 3.5 --s1 0 --rwm1 1 --n1 2 --n1x0 1 --c1x0 0 --p1x0 0.344 --n1x1 0 --c1x1 2 --p1x1 0.689 --s2 2 --n2 2 --n2x0 0 --c2x0 2 --p2x0 0.499 --n2x1 2 --c2x1 2 --p2x1 0.612 --s3 3 --n3 4 --n3x0 0 --c3x0 2 --p3x0 0.739 --n3x1 0 --c3x1 4 --p3x1 5 --w3x1 11.23 --n3x2 1 --c3x2 5 --p3x2 0.14 --n3x3 0 --c3x3 4 --p3x3 5 --w3x3 1.02 ,48.74,7.56041e+20,47.341,7.34336e+20,44.0,50.0,47.0,47.0,44.0,61.0,50.0,48.0,42.0,53.0,47.5
--nstates 4 --s0 3 --n0 1 --n0x0 0 --c0x0 4 --p0x0 2 --w0x0 3.5 --s1 0 --rwm1 1 --n1 2 --n1x0 1 --c1x0 0 --p1x0 0.941 --n1x1 0 --c1x1 2 --p1x1 0.205 --s2 2 --n2 2 --n2x0 0 --c2x0 2 --p2x0 0.338 --n2x1 2 --c2x1 2 --p2x1 0.924 --s3 3 --n3 4 --n3x0 0 --c3x0 2 --p3x0 0.481 --n3x1 0 --c3x1 4 --p3x1 10 --w3x1 11.23 --n3x2 1 --c3x2 5 --p3x2 0.167 --n3x3 0 --c3x3 4 --p3x3 1 --w3x3 1.02 ,48.941,0.256,47.549,0.249,52.0,44.0,52.0,52.0,42.0,45.0,40.0,48.0,51.0,43.0,46.5
--nstates 4 --s0 3 --n0 1 --n0x0 0 --c0x0 4 --p0x0 5 --w0x0 3.5 --s1 0 --rwm1 1 --n1 2 --n1x0 1 --c1x0 0 --p1x0 0.728 --n1x1 0 --c1x1 2 --p1x1 0.597 --s2 2 --n2 2 --n2x0 0 --c2x0 2 --p2x0 0.156 --n2x1 2 --c2x1 2 --p2x1 0.534 --s3 3 --n3 4 --n3x0 0 --c3x0 2 --p3x0 0.541 --n3x1 0 --c3x1 4 --p3x1 8 --w3x1 11.23 --n3x2 1 --c3x2 5 --p3x2 0.077 --n3x3 0 --c3x3 4 --p3x3 2 --w3x3 1.02 ,49.08,874494000000000.0,47.67,849370000000000.0,48.0,51.0,51.0,47.0,48.0,52.0,54.0,52.0,54.0,41.0,51.0
--nstates 4 --s0 3 --n0 1 --n0x0 0 --c0x0 4 --p0x0 5 --w0x0 3.5 --s1 0 --rwm1 1 --n1 2 --n1x0 1 --c1x0 0 --p1x0 0.65 --n1x1 0 --c1x1 2 --p1x1 0.476 --s2 2 --n2 2 --n2x0 0 --c2x0 2 --p2x0 0.284 --n2x1 2 --c2x1 2 --p2x1 0.853 --s3 3 --n3 4 --n3x0 0 --c3x0 2 --p3x0 0.702 --n3x1 0 --c3x1 4 --p3x1 6 --w3x1 11.23 --n3x2 1 --c3x2 5 --p3x2 0.3 --n3x3 0 --c3x3 4 --p3x3 1 --w3x3 1.02 ,50.424,84691.8,49.086,82444.3,47.0,40.0,49.0,49.0,48.0,49.0,48.0,56.0,65.0,47.0,48.5
--nstates 4 --s0 3 --n0 1 --n0x0 0 --c0x0 4 --p0x0 4 --w0x0 3.5 --s1 0 --rwm1 1 --n1 2 --n1x0 1 --c1x0 0 --p1x0 0.84 --n1x1 0 --c1x1 2 --p1x1 0.86 --s2 2 --n2 2 --n2x0 0 --c2x0 2 --p2x0 0.319 --n2x1 2 --c2x1 2 --p2x1 0.772 --s3 3 --n3 4 --n3x0 0 --c3x0 2 --p3x0 0.6 --n3x1 0 --c3x1 4 --p3x1 1 --w3x1 11.23 --n3x2 1 --c3x2 5 --p3x2 0.348 --n3x3 0 --c3x3 4 --p3x3 3 --w3x3 1.02 ,51.009,7.39835e+32,49.537,7.18487e+32,45.0,52.0,45.0,51.0,56.0,55.0,50.0,57.0,48.0,47.0,50.5
--nstates 4 --s0 3 --n0 1 --n0x0 0 --c0x0 4 --p0x0 1 --w0x0 3.5 --s1 0 --rwm1 1 --n1 2 --n1x0 1 --c1x0 0 --p1x0 0.42 --n1x1 0 --c1x1 2 --p1x1 0.957 --s2 2 --n2 2 --n2x0 0 --c2x0 2 --p2x0 0.898 --n2x1 2 --c2x1 2 --p2x1 0.865 --s3 3 --n3 4 --n3x0 0 --c3x0 2 --p3x0 0.934 --n3x1 0 --c3x1 4 --p3x1 9 --w3x1 11.23 --n3x2 1 --c3x2 5 --p3x2 0.671 --n3x3 0 --c3x3 4 --p3x3 1 --w3x3 1.02 ,53.553,1.67703e+25,52.0,1.62838e+25,52.0,45.0,41.0,56.0,47.0,59.0,51.0,44.0,48.0,46.0,47.5
--nstates 4 --s0 3 --n0 1 --n0x0 0 --c0x0 4 --p0x0 2 --w0x0 3.5 --s1 0 --rwm1 1 --n1 2 --n1x0 1 --c1x0 0 --p1x0 0.852 --n1x1 0 --c1x1 2 --p1x1 0.969 --s2 2 --n2 2 --n2x0 0 --c2x0 2 --p2x0 0.053 --n2x1 2 --c2x1 2 --p2x1 0.992 --s3 3 --n3 4 --n3x0 0 --c3x0 2 --p3x0 0.632 --n3x1 0 --c3x1 4 --p3x1 8 --w3x1 11.23 --n3x2 1 --c3x2 5 --p3x2 0.386 --n3x3 0 --c3x3 4 --p3x3 5 --w3x3 1.02 ,53.437,1.6457199999999999e+38,51.887,1.5979999999999999e+38,50.0,50.0,49.0,52.0,44.0,46.0,41.0,61.0,48.0,49.0,49.0
--nstates 4 --s0 3 --n0 1 --n0x0 0 --c0x0 4 --p0x0 2 --w0x0 3.5 --s1 0 --rwm1 1 --n1 2 --n1x0 1 --c1x0 0 --p1x0 0.103 --n1x1 0 --c1x1 2 --p1x1 0.812 --s2 2 --n2 2 --n2x0 0 --c2x0 2 --p2x0 0.278 --n2x1 2 --c2x1 2 --p2x1 0.513 --s3 3 --n3 4 --n3x0 0 --c3x0 2 --p3x0 0.849 --n3x1 0 --c3x1 4 --p3x1 6 --w3x1 11.23 --n3x2 1 --c3x2 5 --p3x2 0.357 --n3x3 0 --c3x3 4 --p3x3 5 --w3x3 1.02 ,50.851,2.08539e+25,49.384,2.02523e+25,47.0,46.0,46.0,45.0,40.0,44.0,50.0,42.0,39.0,35.0,44.5
--nstates 4 --s0 3 --n0 1 --n0x0 0 --c0x0 4 --p0x0 2 --w0x0 3.5 --s1 0 --rwm1 1 --n1 2 --n1x0 1 --c1x0 0 --p1x0 0.517 --n1x1 0 --c1x1 2 --p1x1 0.698 --s2 2 --n2 2 --n2x0 0 --c2x0 2 --p2x0 0.584 --n2x1 2 --c2x1 2 --p2x1 0.708 --s3 3 --n3 4 --n3x0 0 --c3x0 2 --p3x0 0.876 --n3x1 0 --c3x1 4 --p3x1 10 --w3x1 11.23 --n3x2 1 --c3x2 5 --p3x2 0.087 --n3x3 0 --c3x3 4 --p3x3 5 --w3x3 1.02 ,53.128,2.57573e+21,51.588,2.50107e+21,45.0,54.0,42.0,48.0,46.0,57.0,43.0,50.0,55.0,45.0,47.0
--nstates 4 --s0 3 --n0 1 --n0x0 0 --c0x0 4 --p0x0 2 --w0x0 3.5 --s1 0 --rwm1 1 --n1 2 --n1x0 1 --c1x0 0 --p1x0 0.315 --n1x1 0 --c1x1 2 --p1x1 0.437 --s2 2 --n2 2 --n2x0 0 --c2x0 2 --p2x0 0.532 --n2x1 2 --c2x1 2 --p2x1 0.602 --s3 3 --n3 4 --n3x0 0 --c3x0 2 --p3x0 0.926 --n3x1 0 --c3x1 4 --p3x1 2 --w3x1 11.23 --n3x2 1 --c3x2 5 --p3x2 0.307 --n3x3 0 --c3x3 4 --p3x3 2 --w3x3 1.02 ,41.144,6.468,48.378,7.605,39.0,43.0,43.0,46.0,48.0,46.0,47.0,40.0,50.0,49.0,46.0
--nstates 4 --s0 3 --n0 1 --n0x0 0 --c0x0 4 --p0x0 2 --w0x0 3.5 --s1 0 --rwm1 1 --n1 2 --n1x0 1 --c1x0 0 --p1x0 0.833 --n1x1 0 --c1x1 2 --p1x1 0.811 --s2 2 --n2 2 --n2x0 0 --c2x0 2 --p2x0 0.872 --n2x1 2 --c2x1 2 --p2x1 0.686 --s3 3 --n3 4 --n3x0 0 --c3x0 2 --p3x0 0.961 --n3x1 0 --c3x1 4 --p3x1 2 --w3x1 11.23 --n3x2 1 --c3x2 5 --p3x2 0.554 --n3x3 0 --c3x3 4 --p3x3 2 --w3x3 1.02 ,53.288,1.73481e+29,51.743,1.68451e+29,49.0,50.0,42.0,54.0,55.0,51.0,47.0,50.0,47.0,42.0,49.5
--nstates 4 --s0 3 --n0 1 --n0x0 0 --c0x0 4 --p0x0 1 --w0x0 3.5 --s1 0 --rwm1 1 --n1 2 --n1x0 1 --c1x0 0 --p1x0 0.809 --n1x1 0 --c1x1 2 --p1x1 0.75 --s2 2 --n2 2 --n2x0 0 --c2x0 2 --p2x0 0.204 --n2x1 2 --c2x1 2 --p2x1 0.852 --s3 3 --n3 4 --n3x0 0 --c3x0 2 --p3x0 0.859 --n3x1 0 --c3x1 4 --p3x1 8 --w3x1 11.23 --n3x2 1 --c3x2 5 --p3x2 0.17 --n3x3 0 --c3x3 4 --p3x3 3 --w3x3 1.02 ,53.54,832828000000000.0,51.998,808841000000000.0,44.0,49.0,41.0,48.0,52.0,51.0,54.0,57.0,54.0,48.0,50.0
--nstates 4 --s0 3 --n0 1 --n0x0 0 --c0x0 4 --p0x0 10 --w0x0 3.5 --s1 0 --rwm1 1 --n1 2 --n1x0 1 --c1x0 0 --p1x0 0.506 --n1x1 0 --c1x1 2 --p1x1 0.442 --s2 2 --n2 2 --n2x0 0 --c2x0 2 --p2x0 0.543 --n2x1 2 --c2x1 2 --p2x1 0.562 --s3 3 --n3 4 --n3x0 0 --c3x0 2 --p3x0 0.503 --n3x1 0 --c3x1 4 --p3x1 7 --w3x1 11.23 --n3x2 1 --c3x2 5 --p3x2 0.077 --n3x3 0 --c3x3 4 --p3x3 5 --w3x3 1.02 ,45.437,59.618,48.496,63.631,45.0,43.0,54.0,48.0,45.0,52.0,37.0,38.0,50.0,50.0,46.5
--nstates 4 --s0 3 --n0 1 --n0x0 0 --c0x0 4 --p0x0 3 --w0x0 3.5 --s1 0 --rwm1 1 --n1 2 --n1x0 1 --c1x0 0 --p1x0 0.813 --n1x1 0 --c1x1 2 --p1x1 0.564 --s2 2 --n2 2 --n2x0 0 --c2x0 2 --p2x0 0.615 --n2x1 2 --c2x1 2 --p2x1 0.319 --s3 3 --n3 4 --n3x0 0 --c3x0 2 --p3x0 0.691 --n3x1 0 --c3x1 4 --p3x1 8 --w3x1 11.23 --n3x2 1 --c3x2 5 --p3x2 0.16 --n3x3 0 --c3x3 4 --p3x3 7 --w3x3 1.02 ,47.926,761659000000.0,46.553,739838000000.0,50.0,45.0,49.0,50.0,37.0,54.0,53.0,37.0,53.0,47.0,49.5
--nstates 4 --s0 3 --n0 1 --n0x0 0 --c0x0 4 --p0x0 2 --w0x0 3.5 --s1 0 --rwm1 1 --n1 2 --n1x0 1 --c1x0 0 --p1x0 0.96 --n1x1 0 --c1x1 2 --p1x1 0.912 --s2 2 --n2 2 --n2x0 0 --c2x0 2 --p2x0 0.15 --n2x1 2 --c2x1 2 --p2x1 0.907 --s3 3 --n3 4 --n3x0 0 --c3x0 2 --p3x0 0.876 --n3x1 0 --c3x1 4 --p3x1 5 --w3x1 11.23 --n3x2 1 --c3x2 5 --p3x2 0.072 --n3x3 0 --c3x3 4 --p3x3 2 --w3x3 1.02 ,53.43,2.91356e+35,51.881,2.82906e+35,51.0,48.0,52.0,44.0,45.0,53.0,45.0,46.0,50.0,46.0,47.0
--nstates 4 --s0 3 --n0 1 --n0x0 0 --c0x0 4 --p0x0 5 --w0x0 3.5 --s1 0 --rwm1 1 --n1 2 --n1x0 1 --c1x0 0 --p1x0 0.493 --n1x1 0 --c1x1 2 --p1x1 0.525 --s2 2 --n2 2 --n2x0 0 --c2x0 2 --p2x0 0.663 --n2x1 2 --c2x1 2 --p2x1 0.525 --s3 3 --n3 4 --n3x0 0 --c3x0 2 --p3x0 0.71 --n3x1 0 --c3x1 4 --p3x1 5 --w3x1 11.23 --n3x2 1 --c3x2 5 --p3x2 0.612 --n3x3 0 --c3x3 4 --p3x3 5 --w3x3 1.02 ,48.755,293365000.0,47.364,284995000.0,52.0,48.0,61.0,53.0,50.0,47.0,42.0,49.0,47.0,50.0,49.5
--nstates 4 --s0 3 --n0 1 --n0x0 0 --c0x0 4 --p0x0 3 --w0x0 3.5 --s1 0 --rwm1 1 --n1 2 --n1x0 1 --c1x0 0 --p1x0 0.592 --n1x1 0 --c1x1 2 --p1x1 0.931 --s2 2 --n2 2 --n2x0 0 --c2x0 2 --p2x0 0.014 --n2x1 2 --c2x1 2 --p2x1 0.979 --s3 3 --n3 4 --n3x0 0 --c3x0 2 --p3x0 0.291 --n3x1 0 --c3x1 4 --p3x1 9 --w3x1 11.23 --n3x2 1 --c3x2 5 --p3x2 0.44 --n3x3 0 --c3x3 4 --p3x3 1 --w3x3 1.02 ,50.852,1.1077799999999999e+36,49.385,1.07583e+36,47.0,45.0,46.0,48.0,45.0,52.0,57.0,47.0,46.0,58.0,47.0
--nstates 4 --s0 3 --n0 1 --n0x0 0 --c0x0 4 --p0x0 7 --w0x0 3.5 --s1 0 --rwm1 1 --n1 2 --n1x0 1 --c1x0 0 --p1x0 0.535 --n1x1 0 --c1x1 2 --p1x1 0.684 --s2 2 --n2 2 --n2x0 0 --c2x0 2 --p2x0 0.384 --n2x1 2 --c2x1 2 --p2x1 0.831 --s3 3 --n3 4 --n3x0 0 --c3x0 2 --p3x0 0.751 --n3x1 0 --c3x1 4 --p3x1 7 --w3x1 11.23 --n3x2 1 --c3x2 5 --p3x2 0.118 --n3x3 0 --c3x3 4 --p3x3 8 --w3x3 1.02 ,50.924,4.48345e+21,49.455,4.35412e+21,54.0,49.0,44.0,44.0,52.0,51.0,45.0,52.0,51.0,38.0,50.0
--nstates 4 --s0 3 --n0 1 --n0x0 0 --c0x0 4 --p0x0 2 --w0x0 3.5 --s1 0 --rwm1 1 --n1 2 --n1x0 1 --c1x0 0 --p1x0 0.976 --n1x1 0 --c1x1 2 --p1x1 0.68 --s2 2 --n2 2 --n2x0 0 --c2x0 2 --p2x0 0.129 --n2x1 2 --c2x1 2 --p2x1 0.895 --s3 3 --n3 4 --n3x0 0 --c3x0 2 --p3x0 0.679 --n3x1 0 --c3x1 4 --p3x1 5 --w3x1 11.23 --n3x2 1 --c3x2 5 --p3x2 0.289 --n3x3 0 --c3x3 4 --p3x3 2 --w3x3 1.02 ,53.376,2.85174e+21,51.828,2.76905e+21,42.0,49.0,51.0,48.0,55.0,53.0,49.0,45.0,45.0,48.0,48.5
--nstates 4 --s0 3 --n0 1 --n0x0 0 --c0x0 4 --p0x0 1 --w0x0 3.5 --s1 0 --rwm1 1 --n1 2 --n1x0 1 --c1x0 0 --p1x0 0.92 --n1x1 0 --c1x1 2 --p1x1 0.779 --s2 2 --n2 2 --n2x0 0 --c2x0 2 --p2x0 0.419 --n2x1 2 --c2x1 2 --p2x1 0.151 --s3 3 --n3 4 --n3x0 0 --c3x0 2 --p3x0 0.493 --n3x1 0 --c3x1 4 --p3x1 7 --w3x1 11.23 --n3x2 1 --c3x2 5 --p3x2 0.144 --n3x3 0 --c3x3 4 --p3x3 1 --w3x3 1.02 ,50.652,32489100000000.0,51.607,33101200000000.0,54.0,41.0,44.0,46.0,46.0,45.0,49.0,49.0,49.0,46.0,46.0
--nstates 4 --s0 3 --n0 1 --n0x0 0 --c0x0 4 --p0x0 3 --w0x0 3.5 --s1 0 --rwm1 1 --n1 2 --n1x0 1 --c1x0 0 --p1x0 0.792 --n1x1 0 --c1x1 2 --p1x1 0.824 --s2 2 --n2 2 --n2x0 0 --c2x0 2 --p2x0 0.09 --n2x1 2 --c2x1 2 --p2x1 0.709 --s3 3 --n3 4 --n3x0 0 --c3x0 2 --p3x0 0.309 --n3x1 0 --c3x1 4 --p3x1 5 --w3x1 11.23 --n3x2 1 --c3x2 5 --p3x2 0.042 --n3x3 0 --c3x3 4 --p3x3 2 --w3x3 1.02 ,50.423,2.61739e+30,48.969,2.54196e+30,53.0,52.0,52.0,42.0,49.0,57.0,45.0,54.0,49.0,43.0,50.5
--nstates 4 --s0 3 --n0 1 --n0x0 0 --c0x0 4 --p0x0 4 --w0x0 3.5 --s1 0 --rwm1 1 --n1 2 --n1x0 1 --c1x0 0 --p1x0 0.995 --n1x1 0 --c1x1 2 --p1x1 0.971 --s2 2 --n2 2 --n2x0 0 --c2x0 2 --p2x0 0.779 --n2x1 2 --c2x1 2 --p2x1 0.536 --s3 3 --n3 4 --n3x0 0 --c3x0 2 --p3x0 0.574 --n3x1 0 --c3x1 4 --p3x1 8 --w3x1 11.23 --n3x2 1 --c3x2 5 --p3x2 0.008 --n3x3 0 --c3x3 4 --p3x3 2 --w3x3 1.02 ,50.238,2.09296e+38,48.791,2.03267e+38,45.0,41.0,51.0,57.0,49.0,47.0,43.0,50.0,44.0,48.0,47.5
--nstates 4 --s0 3 --n0 1 --n0x0 0 --c0x0 4 --p0x0 1 --w0x0 3.5 --s1 0 --rwm1 1 --n1 2 --n1x0 1 --c1x0 0 --p1x0 0.713 --n1x1 0 --c1x1 2 --p1x1 0.807 --s2 2 --n2 2 --n2x0 0 --c2x0 2 --p2x0 0.031 --n2x1 2 --c2x1 2 --p2x1 0.585 --s3 3 --n3 4 --n3x0 0 --c3x0 2 --p3x0 0.589 --n3x1 0 --c3x1 4 --p3x1 7 --w3x1 11.23 --n3x2 1 --c3x2 5 --p3x2 0.162 --n3x3 0 --c3x3 4 --p3x3 4 --w3x3 1.02 ,53.55,2.32013e+17,51.999,2.25294e+17,61.0,48.0,50.0,49.0,52.0,48.0,48.0,49.0,49.0,44.0,49.0
--nstates 4 --s0 3 --n0 1 --n0x0 0 --c0x0 4 --p0x0 4 --w0x0 3.5 --s1 0 --rwm1 1 --n1 2 --n1x0 1 --c1x0 0 --p1x0 0.94 --n1x1 0 --c1x1 2 --p1x1 0.752 --s2 2 --n2 2 --n2x0 0 --c2x0 2 --p2x0 0.032 --n2x1 2 --c2x1 2 --p2x1 0.291 --s3 3 --n3 4 --n3x0 0 --c3x0 2 --p3x0 0.886 --n3x1 0 --c3x1 4 --p3x1 3 --w3x1 11.23 --n3x2 1 --c3x2 5 --p3x2 0.368 --n3x3 0 --c3x3 4 --p3x3 6 --w3x3 1.02 ,48.091,4.29437e+25,46.712,4.17127e+25,50.0,52.0,48.0,52.0,53.0,61.0,45.0,44.0,49.0,47.0,49.5
--nstates 4 --s0 3 --n0 1 --n0x0 0 --c0x0 4 --p0x0 3 --w0x0 3.5 --s1 0 --rwm1 1 --n1 2 --n1x0 1 --c1x0 0 --p1x0 0.95 --n1x1 0 --c1x1 2 --p1x1 0.691 --s2 2 --n2 2 --n2x0 0 --c2x0 2 --p2x0 0.188 --n2x1 2 --c2x1 2 --p2x1 0.806 --s3 3 --n3 4 --n3x0 0 --c3x0 2 --p3x0 0.558 --n3x1 0 --c3x1 4 --p3x1 4 --w3x1 11.23 --n3x2 1 --c3x2 5 --p3x2 0.248 --n3x3 0 --c3x3 4 --p3x3 3 --w3x3 1.02 ,51.628,6.75829e+22,50.137,6.56305e+22,48.0,48.0,44.0,45.0,49.0,53.0,54.0,49.0,42.0,41.0,48.0
--nstates 4 --s0 3 --n0 1 --n0x0 0 --c0x0 4 --p0x0 6 --w0x0 3.5 --s1 0 --rwm1 1 --n1 2 --n1x0 1 --c1x0 0 --p1x0 0.666 --n1x1 0 --c1x1 2 --p1x1 0.868 --s2 2 --n2 2 --n2x0 0 --c2x0 2 --p2x0 0.596 --n2x1 2 --c2x1 2 --p2x1 0.444 --s3 3 --n3 4 --n3x0 0 --c3x0 2 --p3x0 0.959 --n3x1 0 --c3x1 4 --p3x1 3 --w3x1 11.23 --n3x2 1 --c3x2 5 --p3x2 0.012 --n3x3 0 --c3x3 4 --p3x3 1 --w3x3 1.02 ,48.8,1.94596e+32,47.399,1.89009e+32,50.0,42.0,50.0,55.0,56.0,54.0,41.0,50.0,47.0,54.0,50.0
--nstates 4 --s0 3 --n0 1 --n0x0 0 --c0x0 4 --p0x0 2 --w0x0 3.5 --s1 0 --rwm1 1 --n1 2 --n1x0 1 --c1x0 0 --p1x0 0.835 --n1x1 0 --c1x1 2 --p1x1 0.957 --s2 2 --n2 2 --n2x0 0 --c2x0 2 --p2x0 0.204 --n2x1 2 --c2x1 2 --p2x1 0.64 --s3 3 --n3 4 --n3x0 0 --c3x0 2 --p3x0 0.811 --n3x1 0 --c3x1 4 --p3x1 10 --w3x1 11.23 --n3x2 1 --c3x2 5 --p3x2 0.399 --n3x3 0 --c3x3 4 --p3x3 7 --w3x3 1.02 ,53.294,9.040489999999999e+36,51.749,8.77838e+36,56.0,40.0,48.0,45.0,48.0,51.0,52.0,50.0,51.0,52.0,50.5
--nstates 4 --s0 3 --n0 1 --n0x0 0 --c0x0 4 --p0x0 1 --w0x0 3.5 --s1 0 --rwm1 1 --n1 2 --n1x0 1 --c1x0 0 --p1x0 0.709 --n1x1 0 --c1x1 2 --p1x1 0.888 --s2 2 --n2 2 --n2x0 0 --c2x0 2 --p2x0 0.294 --n2x1 2 --c2x1 2 --p2x1 0.78 --s3 3 --n3 4 --n3x0 0 --c3x0 2 --p3x0 0.893 --n3x1 0 --c3x1 4 --p3x1 9 --w3x1 11.23 --n3x2 1 --c3x2 5 --p3x2 0.04 --n3x3 0 --c3x3 4 --p3x3 3 --w3x3 1.02 ,53.553,3.58209e+22,52.0,3.47818e+22,52.0,45.0,45.0,46.0,54.0,46.0,43.0,50.0,46.0,52.0,46.0
--nstates 4 --s0 3 --n0 1 --n0x0 0 --c0x0 4 --p0x0 7 --w0x0 3.5 --s1 0 --rwm1 1 --n1 2 --n1x0 1 --c1x0 0 --p1x0 0.937 --n1x1 0 --c1x1 2 --p1x1 0.89 --s2 2 --n2 2 --n2x0 0 --c2x0 2 --p2x0 0.392 --n2x1 2 --c2x1 2 --p2x1 0.882 --s3 3 --n3 4 --n3x0 0 --c3x0 2 --p3x0 0.188 --n3x1 0 --c3x1 4 --p3x1 3 --w3x1 11.23 --n3x2 1 --c3x2 5 --p3x2 0.193 --n3x3 0 --c3x3 4 --p3x3 2 --w3x3 1.02 ,51.226,3.9647299999999995e+34,49.747,3.8502799999999995e+34,47.0,47.0,46.0,61.0,52.0,50.0,53.0,53.0,46.0,46.0,48.5
--nstates 4 --s0 3 --n0 1 --n0x0 0 --c0x0 4 --p0x0 3 --w0x0 3.5 --s1 0 --rwm1 1 --n1 2 --n1x0 1 --c1x0 0 --p1x0 0.801 --n1x1 0 --c1x1 2 --p1x1 0.782 --s2 2 --n2 2 --n2x0 0 --c2x0 2 --p2x0 0.452 --n2x1 2 --c2x1 2 --p2x1 0.974 --s3 3 --n3 4 --n3x0 0 --c3x0 2 --p3x0 0.571 --n3x1 0 --c3x1 4 --p3x1 8 --w3x1 11.23 --n3x2 1 --c3x2 5 --p3x2 0.506 --n3x3 0 --c3x3 4 --p3x3 1 --w3x3 1.02 ,51.654,3.24812e+28,50.162,3.1542699999999996e+28,54.0,47.0,49.0,50.0,52.0,54.0,52.0,52.0,51.0,50.0,51.5
--nstates 4 --s0 3 --n0 1 --n0x0 0 --c0x0 4 --p0x0 1 --w0x0 3.5 --s1 0 --rwm1 1 --n1 2 --n1x0 1 --c1x0 0 --p1x0 0.866 --n1x1 0 --c1x1 2 --p1x1 0.97 --s2 2 --n2 2 --n2x0 0 --c2x0 2 --p2x0 0.135 --n2x1 2 --c2x1 2 --p2x1 0.703 --s3 3 --n3 4 --n3x0 0 --c3x0 2 --p3x0 0.609 --n3x1 0 --c3x1 4 --p3x1 6 --w3x1 11.23 --n3x2 1 --c3x2 5 --p3x2 0.443 --n3x3 0 --c3x3 4 --p3x3 4 --w3x3 1.02 ,53.553,5.55622e+26,52.0,5.39505e+26,49.0,43.0,48.0,52.0,46.0,52.0,53.0,47.0,46.0,56.0,48.5
--nstates 4 --s0 3 --n0 1 --n0x0 0 --c0x0 4 --p0x0 2 --w0x0 3.5 --s1 0 --rwm1 1 --n1 2 --n1x0 1 --c1x0 0 --p1x0 0.659 --n1x1 0 --c1x1 2 --p1x1 0.83 --s2 2 --n2 2 --n2x0 0 --c2x0 2 --p2x0 0.145 --n2x1 2 --c2x1 2 --p2x1 0.658 --s3 3 --n3 4 --n3x0 0 --c3x0 2 --p3x0 0.018 --n3x1 0 --c3x1 4 --p3x1 8 --w3x1 11.23 --n3x2 1 --c3x2 5 --p3x2 0.206 --n3x3 0 --c3x3 4 --p3x3 3 --w3x3 1.02 ,52.834,1.77255e+29,51.304,1.7212e+29,58.0,51.0,48.0,47.0,47.0,46.0,47.0,50.0,51.0,47.0,47.5
--nstates 4 --s0 3 --n0 1 --n0x0 0 --c0x0 4 --p0x0 5 --w0x0 3.5 --s1 0 --rwm1 1 --n1 2 --n1x0 1 --c1x0 0 --p1x0 0.911 --n1x1 0 --c1x1 2 --p1x1 0.629 --s2 2 --n2 2 --n2x0 0 --c2x0 2 --p2x0 0.443 --n2x1 2 --c2x1 2 --p2x1 0.62 --s3 3 --n3 4 --n3x0 0 --c3x0 2 --p3x0 0.507 --n3x1 0 --c3x1 4 --p3x1 5 --w3x1 11.23 --n3x2 1 --c3x2 5 --p3x2 0.097 --n3x3 0 --c3x3 4 --p3x3 2 --w3x3 1.02 ,50.134,8.31776e+17,48.69,8.07824e+17,43.0,49.0,47.0,48.0,50.0,47.0,43.0,43.0,56.0,44.0,47.0
--nstates 4 --s0 3 --n0 1 --n0x0 0 --c0x0 4 --p0x0 3 --w0x0 3.5 --s1 0 --rwm1 1 --n1 2 --n1x0 1 --c1x0 0 --p1x0 0.529 --n1x1 0 --c1x1 2 --p1x1 0.904 --s2 2 --n2 2 --n2x0 0 --c2x0 2 --p2x0 0.137 --n2x1 2 --c2x1 2 --p2x1 0.605 --s3 3 --n3 4 --n3x0 0 --c3x0 2 --p3x0 0.95 --n3x1 0 --c3x1 4 --p3x1 4 --w3x1 11.23 --n3x2 1 --c3x2 5 --p3x2 0.393 --n3x3 0 --c3x3 4 --p3x3 5 --w3x3 1.02 ,50.389,2.2571e+34,48.937,2.1920599999999997e+34,51.0,50.0,52.0,50.0,43.0,47.0,53.0,50.0,44.0,45.0,50.0
--nstates 4 --s0 3 --n0 1 --n0x0 0 --c0x0 4 --p0x0 4 --w0x0 3.5 --s1 0 --rwm1 1 --n1 2 --n1x0 1 --c1x0 0 --p1x0 0.398 --n1x1 0 --c1x1 2 --p1x1 0.61 --s2 2 --n2 2 --n2x0 0 --c2x0 2 --p2x0 0.328 --n2x1 2 --c2x1 2 --p2x1 0.897 --s3 3 --n3 4 --n3x0 0 --c3x0 2 --p3x0 0.675 --n3x1 0 --c3x1 4 --p3x1 5 --w3x1 11.23 --n3x2 1 --c3x2 5 --p3x2 0.138 --n3x3 0 --c3x3 4 --p3x3 3 --w3x3 1.02 ,50.393,6880440000000000.0,48.941,6682190000000000.0,44.0,47.0,50.0,39.0,55.0,44.0,53.0,50.0,54.0,43.0,48.5
--nstates 4 --s0 3 --n0 1 --n0x0 0 --c0x0 4 --p0x0 2 --w0x0 3.5 --s1 0 --rwm1 1 --n1 2 --n1x0 1 --c1x0 0 --p1x0 0.795 --n1x1 0 --c1x1 2 --p1x1 0.632 --s2 2 --n2 2 --n2x0 0 --c2x0 2 --p2x0 0.301 --n2x1 2 --c2x1 2 --p2x1 0.849 --s3 3 --n3 4 --n3x0 0 --c3x0 2 --p3x0 0.254 --n3x1 0 --c3x1 4 --p3x1 6 --w3x1 11.23 --n3x2 1 --c3x2 5 --p3x2 0.031 --n3x3 0 --c3x3 4 --p3x3 5 --w3x3 1.02 ,53.221,2.22502e+17,51.678,2.16052e+17,59.0,49.0,45.0,49.0,43.0,53.0,48.0,46.0,51.0,48.0,48.5
--nstates 4 --s0 3 --n0 1 --n0x0 0 --c0x0 4 --p0x0 3 --w0x0 3.5 --s1 0 --rwm1 1 --n1 2 --n1x0 1 --c1x0 0 --p1x0 0.572 --n1x1 0 --c1x1 2 --p1x1 0.5 --s2 2 --n2 2 --n2x0 0 --c2x0 2 --p2x0 0.829 --n2x1 2 --c2x1 2 --p2x1 0.56 --s3 3 --n3 4 --n3x0 0 --c3x0 2 --p3x0 0.665 --n3x1 0 --c3x1 4 --p3x1 8 --w3x1 11.23 --n3x2 1 --c3x2 5 --p3x2 0.354 --n3x3 0 --c3x3 4 --p3x3 4 --w3x3 1.02 ,49.369,2641460.0,48.006,2568570.0,54.0,50.0,51.0,40.0,51.0,50.0,49.0,56.0,57.0,50.0,50.5
--nstates 4 --s0 3 --n0 1 --n0x0 0 --c0x0 4 --p0x0 1 --w0x0 3.5 --s1 0 --rwm1 1 --n1 2 --n1x0 1 --c1x0 0 --p1x0 0.593 --n1x1 0 --c1x1 2 --p1x1 0.784 --s2 2 --n2 2 --n2x0 0 --c2x0 2 --p2x0 0.02 --n2x1 2 --c2x1 2 --p2x1 0.499 --s3 3 --n3 4 --n3x0 0 --c3x0 2 --p3x0 0.78 --n3x1 0 --c3x1 4 --p3x1 5 --w3x1 11.23 --n3x2 1 --c3x2 5 --p3x2 0.1 --n3x3 0 --c3x3 4 --p3x3 6 --w3x3 1.02 ,53.511,3453950000000000.0,51.994,3356010000000000.0,44.0,47.0,51.0,42.0,51.0,54.0,43.0,52.0,44.0,44.0,45.5
--nstates 4 --s0 3 --n0 1 --n0x0 0 --c0x0 4 --p0x0 2 --w0x0 3.5 --s1 0 --rwm1 1 --n1 2 --n1x0 1 --c1x0 0 --p1x0 0.927 --n1x1 0 --c1x1 2 --p1x1 0.509 --s2 2 --n2 2 --n2x0 0 --c2x0 2 --p2x0 0.186 --n2x1 2 --c2x1 2 --p2x1 0.723 --s3 3 --n3 4 --n3x0 0 --c3x0 2 --p3x0 0.555 --n3x1 0 --c3x1 4 --p3x1 7 --w3x1 11.23 --n3x2 1 --c3x2 5 --p3x2 0.195 --n3x3 0 --c3x3 4 --p3x3 6 --w3x3 1.02 ,53.165,21608600.0,51.636,20987100.0,55.0,52.0,41.0,49.0,54.0,52.0,45.0,47.0,51.0,46.0,50.0
--nstates 4 --s0 3 --n0 1 --n0x0 0 --c0x0 4 --p0x0 1 --w0x0 3.5 --s1 0 --rwm1 1 --n1 2 --n1x0 1 --c1x0 0 --p1x0 0.747 --n1x1 0 --c1x1 2 --p1x1 0.34 --s2 2 --n2 2 --n2x0 0 --c2x0 2 --p2x0 0.526 --n2x1 2 --c2x1 2 --p2x1 0.917 --s3 3 --n3 4 --n3x0 0 --c3x0 2 --p3x0 0.302 --n3x1 0 --c3x1 4 --p3x1 6 --w3x1 11.23 --n3x2 1 --c3x2 5 --p3x2 0.347 --n3x3 0 --c3x3 4 --p3x3 1 --w3x3 1.02 ,47.809,0.119,46.506,0.116,54.0,43.0,46.0,51.0,52.0,48.0,45.0,48.0,52.0,50.0,49.0
--nstates 4 --s0 3 --n0 1 --n0x0 0 --c0x0 4 --p0x0 1 --w0x0 3.5 --s1 0 --rwm1 1 --n1 2 --n1x0 1 --c1x0 0 --p1x0 0.503 --n1x1 0 --c1x1 2 --p1x1 0.67 --s2 2 --n2 2 --n2x0 0 --c2x0 2 --p2x0 0.503 --n2x1 2 --c2x1 2 --p2x1 0.303 --s3 3 --n3 4 --n3x0 0 --c3x0 2 --p3x0 0.469 --n3x1 0 --c3x1 4 --p3x1 7 --w3x1 11.23 --n3x2 1 --c3x2 5 --p3x2 0.314 --n3x3 0 --c3x3 4 --p3x3 7 --w3x3 1.02 ,24.514,250400000.0,48.099,491317000.0,46.0,46.0,45.0,53.0,49.0,52.0,47.0,52.0,50.0,51.0,49.5
--nstates 4 --s0 3 --n0 1 --n0x0 0 --c0x0 4 --p0x0 7 --w0x0 3.5 --s1 0 --rwm1 1 --n1 2 --n1x0 1 --c1x0 0 --p1x0 0.747 --n1x1 0 --c1x1 2 --p1x1 0.383 --s2 2 --n2 2 --n2x0 0 --c2x0 2 --p2x0 0.278 --n2x1 2 --c2x1 2 --p2x1 0.549 --s3 3 --n3 4 --n3x0 0 --c3x0 2 --p3x0 0.454 --n3x1 0 --c3x1 4 --p3x1 6 --w3x1 11.23 --n3x2 1 --c3x2 5 --p3x2 0.338 --n3x3 0 --c3x3 4 --p3x3 3 --w3x3 1.02 ,47.212,2.213,48.439,2.27,47.0,50.0,56.0,57.0,51.0,48.0,46.0,50.0,41.0,56.0,50.0
--nstates 4 --s0 3 --n0 1 --n0x0 0 --c0x0 4 --p0x0 4 --w0x0 3.5 --s1 0 --rwm1 1 --n1 2 --n1x0 1 --c1x0 0 --p1x0 0.779 --n1x1 0 --c1x1 2 --p1x1 0.793 --s2 2 --n2 2 --n2x0 0 --c2x0 2 --p2x0 0.136 --n2x1 2 --c2x1 2 --p2x1 0.948 --s3 3 --n3 4 --n3x0 0 --c3x0 2 --p3x0 0.455 --n3x1 0 --c3x1 4 --p3x1 2 --w3x1 11.23 --n3x2 1 --c3x2 5 --p3x2 0.193 --n3x3 0 --c3x3 4 --p3x3 6 --w3x3 1.02 ,51.714,1.77068e+29,50.22,1.71951e+29,46.0,45.0,52.0,57.0,47.0,53.0,43.0,49.0,53.0,43.0,48.0
--nstates 4 --s0 3 --n0 1 --n0x0 0 --c0x0 4 --p0x0 1 --w0x0 3.5 --s1 0 --rwm1 1 --n1 2 --n1x0 1 --c1x0 0 --p1x0 0.922 --n1x1 0 --c1x1 2 --p1x1 0.552 --s2 2 --n2 2 --n2x0 0 --c2x0 2 --p2x0 0.218 --n2x1 2 --c2x1 2 --p2x1 0.674 --s3 3 --n3 4 --n3x0 0 --c3x0 2 --p3x0 0.473 --n3x1 0 --c3x1 4 --p3x1 9 --w3x1 11.23 --n3x2 1 --c3x2 5 --p3x2 0.047 --n3x3 0 --c3x3 4 --p3x3 3 --w3x3 1.02 ,34.182,7522.8,48.089,10583.5,52.0,50.0,51.0,52.0,46.0,46.0,35.0,58.0,44.0,46.0,48.0
--nstates 4 --s0 3 --n0 1 --n0x0 0 --c0x0 4 --p0x0 5 --w0x0 3.5 --s1 0 --rwm1 1 --n1 2 --n1x0 1 --c1x0 0 --p1x0 0.622 --n1x1 0 --c1x1 2 --p1x1 0.785 --s2 2 --n2 2 --n2x0 0 --c2x0 2 --p2x0 0.169 --n2x1 2 --c2x1 2 --p2x1 0.801 --s3 3 --n3 4 --n3x0 0 --c3x0 2 --p3x0 0.291 --n3x1 0 --c3x1 4 --p3x1 6 --w3x1 11.23 --n3x2 1 --c3x2 5 --p3x2 0.342 --n3x3 0 --c3x3 4 --p3x3 2 --w3x3 1.02 ,50.143,9.17256e+27,48.699,8.90839e+27,49.0,42.0,45.0,55.0,54.0,52.0,50.0,55.0,42.0,45.0,49.5
--nstates 4 --s0 3 --n0 1 --n0x0 0 --c0x0 4 --p0x0 4 --w0x0 3.5 --s1 0 --rwm1 1 --n1 2 --n1x0 1 --c1x0 0 --p1x0 0.735 --n1x1 0 --c1x1 2 --p1x1 0.962 --s2 2 --n2 2 --n2x0 0 --c2x0 2 --p2x0 0.057 --n2x1 2 --c2x1 2 --p2x1 0.456 --s3 3 --n3 4 --n3x0 0 --c3x0 2 --p3x0 0.506 --n3x1 0 --c3x1 4 --p3x1 4 --w3x1 11.23 --n3x2 1 --c3x2 5 --p3x2 0.624 --n3x3 0 --c3x3 4 --p3x3 8 --w3x3 1.02 ,49.128,1.70983e+37,47.716,1.6606999999999998e+37,46.0,52.0,50.0,47.0,52.0,46.0,42.0,43.0,38.0,48.0,46.5
--nstates 4 --s0 3 --n0 1 --n0x0 0 --c0x0 4 --p0x0 6 --w0x0 3.5 --s1 0 --rwm1 1 --n1 2 --n1x0 1 --c1x0 0 --p1x0 0.751 --n1x1 0 --c1x1 2 --p1x1 0.414 --s2 2 --n2 2 --n2x0 0 --c2x0 2 --p2x0 0.504 --n2x1 2 --c2x1 2 --p2x1 0.615 --s3 3 --n3 4 --n3x0 0 --c3x0 2 --p3x0 0.749 --n3x1 0 --c3x1 4 --p3x1 3 --w3x1 11.23 --n3x2 1 --c3x2 5 --p3x2 0.139 --n3x3 0 --c3x3 4 --p3x3 3 --w3x3 1.02 ,48.474,18.414,49.09,18.648,50.0,53.0,41.0,55.0,51.0,51.0,51.0,47.0,57.0,48.0,51.0
--nstates 4 --s0 3 --n0 1 --n0x0 0 --c0x0 4 --p0x0 1 --w0x0 3.5 --s1 0 --rwm1 1 --n1 2 --n1x0 1 --c1x0 0 --p1x0 0.439 --n1x1 0 --c1x1 2 --p1x1 0.737 --s2 2 --n2 2 --n2x0 0 --c2x0 2 --p2x0 0.393 --n2x1 2 --c2x1 2 --p2x1 0.793 --s3 3 --n3 4 --n3x0 0 --c3x0 2 --p3x0 0.452 --n3x1 0 --c3x1 4 --p3x1 4 --w3x1 11.23 --n3x2 1 --c3x2 5 --p3x2 0.044 --n3x3 0 --c3x3 4 --p3x3 1 --w3x3 1.02 ,52.139,2753260000000.0,51.809,2735840000000.0,45.0,49.0,44.0,50.0,51.0,56.0,46.0,45.0,51.0,51.0,49.5
--nstates 4 --s0 3 --n0 1 --n0x0 0 --c0x0 4 --p0x0 1 --w0x0 3.5 --s1 0 --rwm1 1 --n1 2 --n1x0 1 --c1x0 0 --p1x0 0.773 --n1x1 0 --c1x1 2 --p1x1 0.824 --s2 2 --n2 2 --n2x0 0 --c2x0 2 --p2x0 0.388 --n2x1 2 --c2x1 2 --p2x1 0.499 --s3 3 --n3 4 --n3x0 0 --c3x0 2 --p3x0 0.448 --n3x1 0 --c3x1 4 --p3x1 3 --w3x1 11.23 --n3x2 1 --c3x2 5 --p3x2 0.287 --n3x3 0 --c3x3 4 --p3x3 6 --w3x3 1.02 ,53.551,1.35813e+18,51.999,1.31877e+18,59.0,44.0,51.0,52.0,51.0,47.0,50.0,42.0,55.0,50.0,50.5
--nstates 4 --s0 3 --n0 1 --n0x0 0 --c0x0 4 --p0x0 3 --w0x0 3.5 --s1 0 --rwm1 1 --n1 2 --n1x0 1 --c1x0 0 --p1x0 0.738 --n1x1 0 --c1x1 2 --p1x1 0.504 --s2 2 --n2 2 --n2x0 0 --c2x0 2 --p2x0 0.315 --n2x1 2 --c2x1 2 --p2x1 0.948 --s3 3 --n3 4 --n3x0 0 --c3x0 2 --p3x0 0.785 --n3x1 0 --c3x1 4 --p3x1 9 --w3x1 11.23 --n3x2 1 --c3x2 5 --p3x2 0.077 --n3x3 0 --c3x3 4 --p3x3 1 --w3x3 1.02 ,51.596,70921300.0,50.109,68876800.0,50.0,45.0,46.0,50.0,42.0,47.0,45.0,56.0,48.0,40.0,46.5
--nstates 4 --s0 3 --n0 1 --n0x0 0 --c0x0 4 --p0x0 3 --w0x0 3.5 --s1 0 --rwm1 1 --n1 2 --n1x0 1 --c1x0 0 --p1x0 0.131 --n1x1 0 --c1x1 2 --p1x1 0.316 --s2 2 --n2 2 --n2x0 0 --c2x0 2 --p2x0 0.09 --n2x1 2 --c2x1 2 --p2x1 0.871 --s3 3 --n3 4 --n3x0 0 --c3x0 2 --p3x0 0.555 --n3x1 0 --c3x1 4 --p3x1 5 --w3x1 11.23 --n3x2 1 --c3x2 5 --p3x2 0.025 --n3x3 0 --c3x3 4 --p3x3 1 --w3x3 1.02 ,42.442,0.069,47.029,0.076,43.0,38.0,45.0,35.0,45.0,44.0,47.0,39.0,47.0,46.0,44.5
--nstates 4 --s0 3 --n0 1 --n0x0 0 --c0x0 4 --p0x0 3 --w0x0 3.5 --s1 0 --rwm1 1 --n1 2 --n1x0 1 --c1x0 0 --p1x0 0.678 --n1x1 0 --c1x1 2 --p1x1 0.483 --s2 2 --n2 2 --n2x0 0 --c2x0 2 --p2x0 0.127 --n2x1 2 --c2x1 2 --p2x1 0.704 --s3 3 --n3 4 --n3x0 0 --c3x0 2 --p3x0 0.647 --n3x1 0 --c3x1 4 --p3x1 4 --w3x1 11.23 --n3x2 1 --c3x2 5 --p3x2 0.327 --n3x3 0 --c3x3 4 --p3x3 4 --w3x3 1.02 ,50.501,259329.0,49.122,252246.0,51.0,46.0,52.0,52.0,48.0,46.0,52.0,57.0,55.0,48.0,51.5
--nstates 4 --s0 3 --n0 1 --n0x0 0 --c0x0 4 --p0x0 6 --w0x0 3.5 --s1 0 --rwm1 1 --n1 2 --n1x0 1 --c1x0 0 --p1x0 0.949 --n1x1 0 --c1x1 2 --p1x1 0.327 --s2 2 --n2 2 --n2x0 0 --c2x0 2 --p2x0 0.509 --n2x1 2 --c2x1 2 --p2x1 0.911 --s3 3 --n3 4 --n3x0 0 --c3x0 2 --p3x0 0.575 --n3x1 0 --c3x1 4 --p3x1 8 --w3x1 11.23 --n3x2 1 --c3x2 5 --p3x2 0.098 --n3x3 0 --c3x3 4 --p3x3 7 --w3x3 1.02 ,49.846,2.328,48.876,2.283,48.0,53.0,53.0,51.0,43.0,48.0,46.0,56.0,50.0,43.0,49.0
--nstates 4 --s0 3 --n0 1 --n0x0 0 --c0x0 4 --p0x0 6 --w0x0 3.5 --s1 0 --rwm1 1 --n1 2 --n1x0 1 --c1x0 0 --p1x0 0.61 --n1x1 0 --c1x1 2 --p1x1 0.547 --s2 2 --n2 2 --n2x0 0 --c2x0 2 --p2x0 0.31 --n2x1 2 --c2x1 2 --p2x1 0.791 --s3 3 --n3 4 --n3x0 0 --c3x0 2 --p3x0 0.679 --n3x1 0 --c3x1 4 --p3x1 4 --w3x1 11.23 --n3x2 1 --c3x2 5 --p3x2 0.032 --n3x3 0 --c3x3 4 --p3x3 5 --w3x3 1.02 ,50.814,178699000000.0,49.349,173545000000.0,48.0,45.0,41.0,58.0,47.0,44.0,51.0,38.0,48.0,43.0,46.0
--nstates 4 --s0 3 --n0 1 --n0x0 0 --c0x0 4 --p0x0 6 --w0x0 3.5 --s1 0 --rwm1 1 --n1 2 --n1x0 1 --c1x0 0 --p1x0 0.941 --n1x1 0 --c1x1 2 --p1x1 0.914 --s2 2 --n2 2 --n2x0 0 --c2x0 2 --p2x0 0.291 --n2x1 2 --c2x1 2 --p2x1 0.48 --s3 3 --n3 4 --n3x0 0 --c3x0 2 --p3x0 0.587 --n3x1 0 --c3x1 4 --p3x1 7 --w3x1 11.23 --n3x2 1 --c3x2 5 --p3x2 0.454 --n3x3 0 --c3x3 4 --p3x3 6 --w3x3 1.02 ,49.899,2.06805e+35,48.463,2.00851e+35,47.0,57.0,51.0,43.0,52.0,55.0,46.0,47.0,50.0,40.0,48.5
--nstates 4 --s0 3 --n0 1 --n0x0 0 --c0x0 4 --p0x0 6 --w0x0 3.5 --s1 0 --rwm1 1 --n1 2 --n1x0 1 --c1x0 0 --p1x0 0.715 --n1x1 0 --c1x1 2 --p1x1 0.39 --s2 2 --n2 2 --n2x0 0 --c2x0 2 --p2x0 0.256 --n2x1 2 --c2x1 2 --p2x1 0.891 --s3 3 --n3 4 --n3x0 0 --c3x0 2 --p3x0 0.895 --n3x1 0 --c3x1 4 --p3x1 8 --w3x1 11.23 --n3x2 1 --c3x2 5 --p3x2 0.397 --n3x3 0 --c3x3 4 --p3x3 3 --w3x3 1.02 ,49.498,9.524,48.899,9.409,41.0,50.0,55.0,47.0,45.0,45.0,52.0,50.0,54.0,48.0,49.0
--nstates 4 --s0 3 --n0 1 --n0x0 0 --c0x0 4 --p0x0 3 --w0x0 3.5 --s1 0 --rwm1 1 --n1 2 --n1x0 1 --c1x0 0 --p1x0 0.56 --n1x1 0 --c1x1 2 --p1x1 0.611 --s2 2 --n2 2 --n2x0 0 --c2x0 2 --p2x0 0.524 --n2x1 2 --c2x1 2 --p2x1 0.635 --s3 3 --n3 4 --n3x0 0 --c3x0 2 --p3x0 0.544 --n3x1 0 --c3x1 4 --p3x1 7 --w3x1 11.23 --n3x2 1 --c3x2 5 --p3x2 0.235 --n3x3 0 --c3x3 4 --p3x3 5 --w3x3 1.02 ,49.729,7470050000000000.0,48.298,7255120000000000.0,39.0,45.0,50.0,43.0,45.0,53.0,57.0,53.0,50.0,48.0,49.0
--nstates 4 --s0 3 --n0 1 --n0x0 0 --c0x0 4 --p0x0 6 --w0x0 3.5 --s1 0 --rwm1 1 --n1 2 --n1x0 1 --c1x0 0 --p1x0 0.36 --n1x1 0 --c1x1 2 --p1x1 0.748 --s2 2 --n2 2 --n2x0 0 --c2x0 2 --p2x0 0.661 --n2x1 2 --c2x1 2 --p2x1 0.398 --s3 3 --n3 4 --n3x0 0 --c3x0 2 --p3x0 0.071 --n3x1 0 --c3x1 4 --p3x1 7 --w3x1 11.23 --n3x2 1 --c3x2 5 --p3x2 0.041 --n3x3 0 --c3x3 4 --p3x3 3 --w3x3 1.02 ,46.528,9.52686e+23,45.199,9.25481e+23,43.0,49.0,54.0,50.0,48.0,48.0,37.0,49.0,47.0,46.0,48.0
--nstates 4 --s0 3 --n0 1 --n0x0 0 --c0x0 4 --p0x0 2 --w0x0 3.5 --s1 0 --rwm1 1 --n1 2 --n1x0 1 --c1x0 0 --p1x0 0.321 --n1x1 0 --c1x1 2 --p1x1 0.786 --s2 2 --n2 2 --n2x0 0 --c2x0 2 --p2x0 0.78 --n2x1 2 --c2x1 2 --p2x1 0.847 --s3 3 --n3 4 --n3x0 0 --c3x0 2 --p3x0 0.604 --n3x1 0 --c3x1 4 --p3x1 6 --w3x1 11.23 --n3x2 1 --c3x2 5 --p3x2 0.015 --n3x3 0 --c3x3 4 --p3x3 6 --w3x3 1.02 ,53.026,2.22108e+26,51.489,2.15672e+26,53.0,49.0,50.0,46.0,42.0,53.0,49.0,51.0,51.0,44.0,49.5
--nstates 4 --s0 3 --n0 1 --n0x0 0 --c0x0 4 --p0x0 7 --w0x0 3.5 --s1 0 --rwm1 1 --n1 2 --n1x0 1 --c1x0 0 --p1x0 0.054 --n1x1 0 --c1x1 2 --p1x1 0.573 --s2 2 --n2 2 --n2x0 0 --c2x0 2 --p2x0 0.175 --n2x1 2 --c2x1 2 --p2x1 0.991 --s3 3 --n3 4 --n3x0 0 --c3x0 2 --p3x0 0.255 --n3x1 0 --c3x1 4 --p3x1 10 --w3x1 11.23 --n3x2 1 --c3x2 5 --p3x2 0.191 --n3x3 0 --c3x3 4 --p3x3 1 --w3x3 1.02 ,46.09,6099540000.0,44.862,5936950000.0,39.0,43.0,35.0,41.0,42.0,42.0,27.0,36.0,41.0,36.0,40.0
--nstates 4 --s0 3 --n0 1 --n0x0 0 --c0x0 4 --p0x0 4 --w0x0 3.5 --s1 0 --rwm1 1 --n1 2 --n1x0 1 --c1x0 0 --p1x0 0.745 --n1x1 0 --c1x1 2 --p1x1 0.71 --s2 2 --n2 2 --n2x0 0 --c2x0 2 --p2x0 0.41 --n2x1 2 --c2x1 2 --p2x1 0.501 --s3 3 --n3 4 --n3x0 0 --c3x0 2 --p3x0 0.89 --n3x1 0 --c3x1 4 --p3x1 7 --w3x1 11.23 --n3x2 1 --c3x2 5 --p3x2 0.058 --n3x3 0 --c3x3 4 --p3x3 3 --w3x3 1.02 ,49.678,1.78418e+23,48.249,1.73285e+23,45.0,43.0,53.0,47.0,46.0,56.0,48.0,49.0,61.0,51.0,48.5
--nstates 4 --s0 3 --n0 1 --n0x0 0 --c0x0 4 --p0x0 5 --w0x0 3.5 --s1 0 --rwm1 1 --n1 2 --n1x0 1 --c1x0 0 --p1x0 0.62 --n1x1 0 --c1x1 2 --p1x1 0.89 --s2 2 --n2 2 --n2x0 0 --c2x0 2 --p2x0 0.508 --n2x1 2 --c2x1 2 --p2x1 0.874 --s3 3 --n3 4 --n3x0 0 --c3x0 2 --p3x0 0.494 --n3x1 0 --c3x1 4 --p3x1 8 --w3x1 11.23 --n3x2 1 --c3x2 5 --p3x2 0.249 --n3x3 0 --c3x3 4 --p3x3 5 --w3x3 1.02 ,51.217,1.6215199999999999e+34,49.739,1.5747099999999998e+34,51.0,40.0,44.0,54.0,53.0,45.0,46.0,48.0,52.0,45.0,47.0
--nstates 4 --s0 3 --n0 1 --n0x0 0 --c0x0 4 --p0x0 3 --w0x0 3.5 --s1 0 --rwm1 1 --n1 2 --n1x0 1 --c1x0 0 --p1x0 0.867 --n1x1 0 --c1x1 2 --p1x1 0.562 --s2 2 --n2 2 --n2x0 0 --c2x0 2 --p2x0 0.093 --n2x1 2 --c2x1 2 --p2x1 0.43 --s3 3 --n3 4 --n3x0 0 --c3x0 2 --p3x0 0.75 --n3x1 0 --c3x1 4 --p3x1 7 --w3x1 11.23 --n3x2 1 --c3x2 5 --p3x2 0.081 --n3x3 0 --c3x3 4 --p3x3 2 --w3x3 1.02 ,49.067,1391500000000.0,47.658,1351520000000.0,47.0,48.0,43.0,42.0,48.0,48.0,50.0,52.0,45.0,44.0,47.5
--nstates 4 --s0 3 --n0 1 --n0x0 0 --c0x0 4 --p0x0 5 --w0x0 3.5 --s1 0 --rwm1 1 --n1 2 --n1x0 1 --c1x0 0 --p1x0 0.723 --n1x1 0 --c1x1 2 --p1x1 0.616 --s2 2 --n2 2 --n2x0 0 --c2x0 2 --p2x0 0.68 --n2x1 2 --c2x1 2 --p2x1 0.806 --s3 3 --n3 4 --n3x0 0 --c3x0 2 --p3x0 0.889 --n3x1 0 --c3x1 4 --p3x1 10 --w3x1 11.23 --n3x2 1 --c3x2 5 --p3x2 0.555 --n3x3 0 --c3x3 4 --p3x3 8 --w3x3 1.02 ,51.494,1.75831e+17,50.007,1.70753e+17,52.0,52.0,46.0,49.0,48.0,44.0,47.0,50.0,52.0,44.0,48.5
--nstates 4 --s0 3 --n0 1 --n0x0 0 --c0x0 4 --p0x0 1 --w0x0 3.5 --s1 0 --rwm1 1 --n1 2 --n1x0 1 --c1x0 0 --p1x0 0.275 --n1x1 0 --c1x1 2 --p1x1 0.947 --s2 2 --n2 2 --n2x0 0 --c2x0 2 --p2x0 0.213 --n2x1 2 --c2x1 2 --p2x1 0.887 --s3 3 --n3 4 --n3x0 0 --c3x0 2 --p3x0 0.833 --n3x1 0 --c3x1 4 --p3x1 7 --w3x1 11.23 --n3x2 1 --c3x2 5 --p3x2 0.497 --n3x3 0 --c3x3 4 --p3x3 4 --w3x3 1.02 ,53.553,1.45981e+24,52.0,1.41746e+24,41.0,35.0,42.0,54.0,52.0,48.0,41.0,50.0,48.0,51.0,48.0
--nstates 4 --s0 3 --n0 1 --n0x0 0 --c0x0 4 --p0x0 1 --w0x0 3.5 --s1 0 --rwm1 1 --n1 2 --n1x0 1 --c1x0 0 --p1x0 0.484 --n1x1 0 --c1x1 2 --p1x1 0.313 --s2 2 --n2 2 --n2x0 0 --c2x0 2 --p2x0 0.039 --n2x1 2 --c2x1 2 --p2x1 0.961 --s3 3 --n3 4 --n3x0 0 --c3x0 2 --p3x0 0.77 --n3x1 0 --c3x1 4 --p3x1 5 --w3x1 11.23 --n3x2 1 --c3x2 5 --p3x2 0.106 --n3x3 0 --c3x3 4 --p3x3 1 --w3x3 1.02 ,47.465,0.083,46.144,0.081,45.0,44.0,44.0,47.0,47.0,54.0,39.0,46.0,43.0,49.0,45.5
--nstates 4 --s0 3 --n0 1 --n0x0 0 --c0x0 4 --p0x0 7 --w0x0 3.5 --s1 0 --rwm1 1 --n1 2 --n1x0 1 --c1x0 0 --p1x0 0.958 --n1x1 0 --c1x1 2 --p1x1 0.711 --s2 2 --n2 2 --n2x0 0 --c2x0 2 --p2x0 0.265 --n2x1 2 --c2x1 2 --p2x1 0.705 --s3 3 --n3 4 --n3x0 0 --c3x0 2 --p3x0 0.804 --n3x1 0 --c3x1 4 --p3x1 2 --w3x1 11.23 --n3x2 1 --c3x2 5 --p3x2 0.598 --n3x3 0 --c3x3 4 --p3x3 5 --w3x3 1.02 ,51.449,1.5651e+24,49.964,1.51991e+24,47.0,50.0,47.0,45.0,52.0,55.0,46.0,54.0,48.0,47.0,47.5
--nstates 4 --s0 3 --n0 1 --n0x0 0 --c0x0 4 --p0x0 6 --w0x0 3.5 --s1 0 --rwm1 1 --n1 2 --n1x0 1 --c1x0 0 --p1x0 0.927 --n1x1 0 --c1x1 2 --p1x1 0.866 --s2 2 --n2 2 --n2x0 0 --c2x0 2 --p2x0 0.198 --n2x1 2 --c2x1 2 --p2x1 0.917 --s3 3 --n3 4 --n3x0 0 --c3x0 2 --p3x0 0.712 --n3x1 0 --c3x1 4 --p3x1 7 --w3x1 11.23 --n3x2 1 --c3x2 5 --p3x2 0.24 --n3x3 0 --c3x3 4 --p3x3 4 --w3x3 1.02 ,52.161,6.05634e+33,50.653,5.88117e+33,45.0,52.0,52.0,50.0,51.0,45.0,51.0,50.0,49.0,49.0,50.0
--nstates 4 --s0 3 --n0 1 --n0x0 0 --c0x0 4 --p0x0 9 --w0x0 3.5 --s1 0 --rwm1 1 --n1 2 --n1x0 1 --c1x0 0 --p1x0 1 --n1x1 0 --c1x1 2 --p1x1 0.384 --s2 2 --n2 2 --n2x0 0 --c2x0 2 --p2x0 0.251 --n2x1 2 --c2x1 2 --p2x1 0.671 --s3 3 --n3 4 --n3x0 0 --c3x0 2 --p3x0 0.469 --n3x1 0 --c3x1 4 --p3x1 2 --w3x1 11.23 --n3x2 1 --c3x2 5 --p3x2 0.14 --n3x3 0 --c3x3 4 --p3x3 3 --w3x3 1.02 ,49.216,5.651,49.028,5.629,53.0,47.0,56.0,57.0,47.0,52.0,47.0,53.0,46.0,49.0,50.5
--nstates 4 --s0 3 --n0 1 --n0x0 0 --c0x0 4 --p0x0 3 --w0x0 3.5 --s1 0 --rwm1 1 --n1 2 --n1x0 1 --c1x0 0 --p1x0 0.89 --n1x1 0 --c1x1 2 --p1x1 0.848 --s2 2 --n2 2 --n2x0 0 --c2x0 2 --p2x0 0.192 --n2x1 2 --c2x1 2 --p2x1 0.846 --s3 3 --n3 4 --n3x0 0 --c3x0 2 --p3x0 0.979 --n3x1 0 --c3x1 4 --p3x1 7 --w3x1 11.23 --n3x2 1 --c3x2 5 --p3x2 0.04 --n3x3 0 --c3x3 4 --p3x3 3 --w3x3 1.02 ,52.216,4.89041e+32,50.705,4.7489500000000004e+32,46.0,50.0,45.0,43.0,51.0,49.0,51.0,53.0,48.0,46.0,48.5
--nstates 4 --s0 3 --n0 1 --n0x0 0 --c0x0 4 --p0x0 5 --w0x0 3.5 --s1 0 --rwm1 1 --n1 2 --n1x0 1 --c1x0 0 --p1x0 0.59 --n1x1 0 --c1x1 2 --p1x1 0.931 --s2 2 --n2 2 --n2x0 0 --c2x0 2 --p2x0 0.023 --n2x1 2 --c2x1 2 --p2x1 0.724 --s3 3 --n3 4 --n3x0 0 --c3x0 2 --p3x0 0.424 --n3x1 0 --c3x1 4 --p3x1 7 --w3x1 11.23 --n3x2 1 --c3x2 5 --p3x2 0.254 --n3x3 0 --c3x3 4 --p3x3 5 --w3x3 1.02 ,50.369,8.57601e+35,48.918,8.32888e+35,45.0,46.0,47.0,46.0,54.0,41.0,43.0,52.0,40.0,50.0,46.0
--nstates 4 --s0 3 --n0 1 --n0x0 0 --c0x0 4 --p0x0 6 --w0x0 3.5 --s1 0 --rwm1 1 --n1 2 --n1x0 1 --c1x0 0 --p1x0 0.532 --n1x1 0 --c1x1 2 --p1x1 0.96 --s2 2 --n2 2 --n2x0 0 --c2x0 2 --p2x0 0.315 --n2x1 2 --c2x1 2 --p2x1 0.647 --s3 3 --n3 4 --n3x0 0 --c3x0 2 --p3x0 0.535 --n3x1 0 --c3x1 4 --p3x1 9 --w3x1 11.23 --n3x2 1 --c3x2 5 --p3x2 0.594 --n3x3 0 --c3x3 4 --p3x3 3 --w3x3 1.02 ,49.82,1.23986e+37,48.386,1.20418e+37,55.0,45.0,48.0,47.0,48.0,50.0,46.0,47.0,60.0,52.0,48.0
--nstates 4 --s0 3 --n0 1 --n0x0 0 --c0x0 4 --p0x0 10 --w0x0 3.5 --s1 0 --rwm1 1 --n1 2 --n1x0 1 --c1x0 0 --p1x0 0.726 --n1x1 0 --c1x1 2 --p1x1 0.918 --s2 2 --n2 2 --n2x0 0 --c2x0 2 --p2x0 0.774 --n2x1 2 --c2x1 2 --p2x1 0.894 --s3 3 --n3 4 --n3x0 0 --c3x0 2 --p3x0 0.693 --n3x1 0 --c3x1 4 --p3x1 9 --w3x1 11.23 --n3x2 1 --c3x2 5 --p3x2 0.575 --n3x3 0 --c3x3 4 --p3x3 4 --w3x3 1.02 ,51.791,1.18724e+36,50.294,1.1529199999999999e+36,52.0,49.0,54.0,43.0,48.0,48.0,52.0,59.0,45.0,44.0,48.5
--nstates 4 --s0 3 --n0 1 --n0x0 0 --c0x0 4 --p0x0 2 --w0x0 3.5 --s1 0 --rwm1 1 --n1 2 --n1x0 1 --c1x0 0 --p1x0 0.931 --n1x1 0 --c1x1 2 --p1x1 0.241 --s2 2 --n2 2 --n2x0 0 --c2x0 2 --p2x0 0.376 --n2x1 2 --c2x1 2 --p2x1 0.85 --s3 3 --n3 4 --n3x0 0 --c3x0 2 --p3x0 0.846 --n3x1 0 --c3x1 4 --p3x1 6 --w3x1 11.23 --n3x2 1 --c3x2 5 --p3x2 0.83 --n3x3 0 --c3x3 4 --p3x3 4 --w3x3 1.02 ,49.163,0.445,47.808,0.433,52.0,50.0,49.0,50.0,48.0,43.0,45.0,54.0,43.0,40.0,48.5
--nstates 4 --s0 3 --n0 1 --n0x0 0 --c0x0 4 --p0x0 4 --w0x0 3.5 --s1 0 --rwm1 1 --n1 2 --n1x0 1 --c1x0 0 --p1x0 0.413 --n1x1 0 --c1x1 2 --p1x1 0.849 --s2 2 --n2 2 --n2x0 0 --c2x0 2 --p2x0 0.426 --n2x1 2 --c2x1 2 --p2x1 0.99 --s3 3 --n3 4 --n3x0 0 --c3x0 2 --p3x0 0.635 --n3x1 0 --c3x1 4 --p3x1 3 --w3x1 11.23 --n3x2 1 --c3x2 5 --p3x2 0.103 --n3x3 0 --c3x3 4 --p3x3 1 --w3x3 1.02 ,50.544,2.62164e+31,49.087,2.54607e+31,48.0,45.0,51.0,49.0,45.0,53.0,44.0,59.0,52.0,42.0,48.5
